endpoint_id,image,x_px,y_px,refdes,pin,candidate_net,confidence,review_state,reviewer,note
seed-component-D100-11,ref/photos/juku-pcb-2/PXL_20260710_200402344.jpg,2707.000,1378.667,D100,11,,local-package-fit,measurement,codex-photo-review,D100 notch-left fit identifies T/pin11 at the upper-right contact; the factory wire/tape bundle obscures its component-side continuation; local component package fit establishes pad identity only; no electrical path accepted
seed-solder-D100-11,ref/photos/juku-pcb-2/PXL_20260710_200506061.jpg,1135.000,1322.000,D100,11,,local-package-fit,measurement,,Validated affine D100 fit identifies the physical solder joint between D98 and D94; visible copper still lacks a second identified package pad; local solder package fit establishes pad identity only; no electrical path accepted
seed-component-D100-9,ref/photos/juku-pcb-2/PXL_20260710_200402344.jpg,2651.556,1545.000,D100,9,,local-package-fit,measurement,codex-photo-review,"D100 notch-left fit identifies OE_N/pin9; its component trace terminates at the isolated circular landing near (2625,1900). The package-derived cross-side projection near (1204,830) is bare solder substrate, proving that landing is not a through-board via; local component package fit establishes pad identity only; no electrical path accepted"
seed-solder-D100-9,ref/photos/juku-pcb-2/PXL_20260710_200506061.jpg,1181.667,1165.111,D100,9,,local-package-fit,measurement,,Validated affine D100 fit identifies the physical solder joint between D98 and D94; visible copper still lacks a second identified package pad; local solder package fit establishes pad identity only; no electrical path accepted
seed-component-D93-19,ref/photos/juku-pcb-2/PXL_20260710_202708344.jpg,940.789,1779.684,D93,19,,local-package-fit,measurement,codex-photo-review,"Corrected exposed-socket fit identifies physical КР1818ВГ93 MR_N/pin19. The solder trace reaches a through-hole near (1743,2320); composing the two package fits identifies its component-side hole near (950,1909), where the continuation returns beneath the socket body; local component package fit establishes pad identity only; no electrical path accepted"
seed-solder-D93-19,ref/photos/juku-pcb-2/PXL_20260710_200506061.jpg,1835.933,2328.433,D93,19,,local-package-fit,measurement,codex-photo-review,"Corrected two-column D93 orientation identifies MR_N/pin19 on the physical D94-side solder column; continuous local copper reaches the through-hole near (1743,2320), whose component continuation is socket-obscured; local solder package fit establishes pad identity only; no electrical path accepted"
seed-component-D93-24,ref/photos/juku-pcb-2/PXL_20260710_202708344.jpg,1073.368,2174.053,D93,24,,local-package-fit,measurement,codex-photo-review,Corrected exposed-socket fit identifies physical КР1818ВГ93 CLK/pin24; its component-side continuation returns beneath the socket body and cannot be followed in this view; local component package fit establishes pad identity only; no electrical path accepted
seed-solder-D93-24,ref/photos/juku-pcb-2/PXL_20260710_200506061.jpg,1554.344,2232.422,D93,24,,local-package-fit,measurement,codex-photo-review,"Corrected D93.24 fit identifies the solder cap; the raw tile shows no same-layer departure and a clean gap to the unrelated nearby horizontal trace, while the component continuation is socket-obscured; local solder package fit establishes pad identity only; no electrical path accepted"
seed-component-D46-1,ref/photos/juku-pcb-2/PXL_20260710_200439607.jpg,1929.868,1100.569,D46,1,,registration-only,measurement,,Package-side crop does not expose a unique copper destination; projected point lies among parallel traces
seed-solder-D46-1,ref/photos/juku-pcb-2/PXL_20260710_200534267.jpg,3201.546,827.621,D46,1,,registration-only,measurement,,Solder-side projection falls between nearby pads and traces; no unique endpoint is visible
seed-component-D46-15,ref/photos/juku-pcb-2/PXL_20260710_200439607.jpg,2096.000,1157.044,D46,15,,registration-only,measurement,,Package-side crop does not expose a unique copper destination; projected point lies among parallel traces
seed-solder-D46-15,ref/photos/juku-pcb-2/PXL_20260710_200534267.jpg,3019.373,887.794,D46,15,,registration-only,measurement,,Solder-side projection falls between nearby pads and traces; no unique endpoint is visible
seed-component-D54-13,ref/photos/juku-pcb-2/PXL_20260710_200455512.jpg,3478.000,1910.000,D54,13,,local-package-fit,measurement,,Promoted local-package-registration.json anchor; old projected seed location rejected. Physical pin identity only; copper destination and connectivity remain unproved.
seed-solder-D54-13,ref/photos/juku-pcb-2/PXL_20260710_200530933.MP.jpg,850.000,1815.000,D54,13,,local-package-fit,measurement,,Promoted local-package-registration.json anchor; old projected seed location rejected. Physical pin identity only; copper destination and connectivity remain unproved.
seed-component-D55-17,ref/photos/juku-pcb-2/PXL_20260710_200455512.jpg,2732.156,1395.915,D55,17,,registration-only,measurement,,Projected point overlaps a vertical copper rail near the package; its destination is ambiguous
seed-solder-D55-17,ref/photos/juku-pcb-2/PXL_20260710_200530933.MP.jpg,1062.457,1390.942,D55,17,,registration-only,measurement,,Projected point overlaps a horizontal copper rail without a unique pad or branch
seed-component-D57-11,ref/photos/juku-pcb-2/PXL_20260710_200455512.jpg,2903.403,1233.073,D57,11,,registration-only,measurement,,Package-side crop shows the local pin fanout but not a unique continuing destination
seed-solder-D57-11,ref/photos/juku-pcb-2/PXL_20260710_200530933.MP.jpg,887.236,1216.602,D57,11,,registration-only,measurement,,Solder-side projection lies on one of several horizontal traces without a unique branch
seed-component-D57-9,ref/photos/juku-pcb-2/PXL_20260710_200455512.jpg,2790.382,1232.410,D57,9,,registration-only,measurement,,Package-side crop shows the local pin fanout but not a unique continuing destination
seed-solder-D57-9,ref/photos/juku-pcb-2/PXL_20260710_200530933.MP.jpg,1004.739,1217.278,D57,9,,registration-only,measurement,,Solder-side projection lies on one of several horizontal traces without a unique branch
seed-component-D58-11,ref/photos/juku-pcb-2/PXL_20260710_200452717.MP.jpg,2797.377,1817.595,D58,11,,registration-only,measurement,,Component-side projection is among traces and vias but does not identify a unique connection
seed-solder-D58-11,ref/photos/juku-pcb-2/PXL_20260710_200530933.MP.jpg,3036.586,1826.009,D58,11,,registration-only,measurement,,Solder-side projection falls between parallel copper rails with no unique endpoint visible
seed-component-D2-1,ref/photos/juku-pcb-2/PXL_20260710_200411500.jpg,1932.000,1726.000,D2,1,A10,local-package-fit,measurement,codex-photo-review,D2 pad identity remains fitted and candidate net remains source-drawn; prior claimed continuous route to D4 used a D4 solder fit shifted one contact column left. Rechase the trace to corrected D4 pads before photo promotion
seed-solder-D2-1,ref/photos/juku-pcb-2/PXL_20260710_200527310.jpg,1800.000,1498.000,D2,1,A10,local-package-fit,measurement,codex-photo-review,D2 pad identity remains fitted and candidate net remains source-drawn; prior claimed continuous route to D4 used a D4 solder fit shifted one contact column left. Rechase the trace to corrected D4 pads before photo promotion
seed-component-D2-3,ref/photos/juku-pcb-2/PXL_20260710_200411500.jpg,1932.000,1851.714,D2,3,A14,local-package-fit,measurement,codex-photo-review,D2 pad identity remains fitted and candidate net remains source-drawn; prior claimed continuous route to D4 used a D4 solder fit shifted one contact column left. Rechase the trace to corrected D4 pads before photo promotion
seed-solder-D2-3,ref/photos/juku-pcb-2/PXL_20260710_200527310.jpg,1800.000,1613.429,D2,3,A14,local-package-fit,measurement,codex-photo-review,D2 pad identity remains fitted and candidate net remains source-drawn; prior claimed continuous route to D4 used a D4 solder fit shifted one contact column left. Rechase the trace to corrected D4 pads before photo promotion
seed-component-D2-5,ref/photos/juku-pcb-2/PXL_20260710_200411500.jpg,1932.000,1977.429,D2,5,A12,local-package-fit,measurement,codex-photo-review,D2 pad identity remains fitted and candidate net remains source-drawn; prior claimed continuous route to D4 used a D4 solder fit shifted one contact column left. Rechase the trace to corrected D4 pads before photo promotion
seed-solder-D2-5,ref/photos/juku-pcb-2/PXL_20260710_200527310.jpg,1800.000,1728.857,D2,5,A12,local-package-fit,measurement,codex-photo-review,D2 pad identity remains fitted and candidate net remains source-drawn; prior claimed continuous route to D4 used a D4 solder fit shifted one contact column left. Rechase the trace to corrected D4 pads before photo promotion
seed-component-D2-6,ref/photos/juku-pcb-2/PXL_20260710_200411500.jpg,1932.000,2040.286,D2,6,A15,local-package-fit,measurement,codex-photo-review,D2 pad identity remains fitted and candidate net remains source-drawn; prior claimed continuous route to D4 used a D4 solder fit shifted one contact column left. Rechase the trace to corrected D4 pads before photo promotion
seed-solder-D2-6,ref/photos/juku-pcb-2/PXL_20260710_200527310.jpg,1800.000,1786.571,D2,6,A15,local-package-fit,measurement,codex-photo-review,D2 pad identity remains fitted and candidate net remains source-drawn; prior claimed continuous route to D4 used a D4 solder fit shifted one contact column left. Rechase the trace to corrected D4 pads before photo promotion
seed-component-D2-7,ref/photos/juku-pcb-2/PXL_20260710_200411500.jpg,1932.000,2103.143,D2,7,A9,local-package-fit,measurement,codex-photo-review,D2 pad identity remains fitted and candidate net remains source-drawn; prior claimed continuous route to D4 used a D4 solder fit shifted one contact column left. Rechase the trace to corrected D4 pads before photo promotion
seed-solder-D2-7,ref/photos/juku-pcb-2/PXL_20260710_200527310.jpg,1800.000,1844.286,D2,7,A9,local-package-fit,measurement,codex-photo-review,D2 pad identity remains fitted and candidate net remains source-drawn; prior claimed continuous route to D4 used a D4 solder fit shifted one contact column left. Rechase the trace to corrected D4 pads before photo promotion
seed-component-D30-11,ref/photos/juku-pcb-2/PXL_20260710_200439607.jpg,1040,1230,D30,11,D13_4_D105_2,local-package-fit,accepted,codex-photo-review,Marked right-notched D30 2x7 contact count identifies physical pad; chip-removed owner continuity closed in docs/d30-section-b-scan-chase.md
seed-solder-D30-11,ref/photos/juku-pcb-2/PXL_20260710_200537608.jpg,2860,730,D30,11,D13_4_D105_2,local-package-fit,accepted,codex-photo-review,Reflected D30 2x7 field identifies fourth lower joint; old broad-rail projection retired; net from independent owner continuity
seed-component-D30-8,ref/photos/juku-pcb-2/PXL_20260710_200439607.jpg,875,1230,D30,8,D30_Q2N_D29_AIN7,local-package-fit,accepted,codex-photo-review,Marked right-notched D30 2x7 contact count identifies physical pad; chip-removed owner continuity closed in docs/d30-section-b-scan-chase.md
seed-solder-D30-8,ref/photos/juku-pcb-2/PXL_20260710_200537608.jpg,3040,730,D30,8,D30_Q2N_D29_AIN7,local-package-fit,accepted,codex-photo-review,Reflected D30 2x7 field identifies rightmost lower joint; old broad-rail projection retired; net from independent owner continuity
seed-component-D36-2,ref/photos/juku-pcb-2/PXL_20260710_200445914.jpg,1615.764,1301.592,D36,2,,registration-only,measurement,,Component-side landing is obscured by factory wiring and adhesive; no package pin or unique path is visible
seed-solder-D36-2,ref/photos/juku-pcb-2/PXL_20260710_200530933.MP.jpg,2148.479,549.895,D36,2,,registration-only,measurement,,Solder projection falls at a broad-rail edge among several joints and cannot be assigned uniquely to D36.2
seed-component-D39-10,ref/photos/juku-pcb-2/PXL_20260710_200445914.jpg,3038,655,D39,10,XTAL16M,local-package-pin-count,measurement,codex-photo-review,"Top-notched D39 2x7 right row fifth contact is physical pin10; XTAL16M is source-model net, owner remote continuity unmeasured"
seed-solder-D39-10,ref/photos/juku-pcb-2/PXL_20260710_200522685.jpg,1218.333,2172.333,D39,10,XTAL16M,local-package-fit,measurement,codex-photo-review,"Native 2x7 left column identifies physical D39.10 cap; no readable local B.Cu departure; XTAL16M is source-model net, owner continuity unmeasured"
seed-component-D39-2,ref/photos/juku-pcb-2/PXL_20260710_200418174.jpg,2639.351,2386.069,D39,2,,registration-only,measurement,,Component-side package area is obscured/damaged and does not expose a uniquely traceable pin-2 path
seed-solder-D39-2,ref/photos/juku-pcb-2/PXL_20260710_200522685.jpg,1383.333,2004.833,D39,2,,local-package-fit,measurement,,Projection overlaps a trace junction between nearby joints; pin identity and destination are not unique; local solder package fit establishes pad identity only; no electrical path accepted
seed-component-D39-9,ref/photos/juku-pcb-2/PXL_20260710_200445914.jpg,3038,710,D39,9,LATCH_SIG,local-package-pin-count,measurement,codex-photo-review,"Top-notched D39 2x7 right row sixth contact is physical pin9; LATCH_SIG is source-model net, owner remote continuity unmeasured"
seed-solder-D39-9,ref/photos/juku-pcb-2/PXL_20260710_200522685.jpg,1219.667,2228.167,D39,9,LATCH_SIG,local-package-fit,measurement,codex-photo-review,"Native 2x7 left column identifies physical D39.9 cap and its narrow B.Cu run toward a separate open annulus; LATCH_SIG is source-model net, remote owner continuity unmeasured"
seed-component-D6-13,ref/photos/juku-pcb-2/PXL_20260710_200411500.jpg,1728,1480,D6,13,D6_V_ENABLE,local-package-fit,accepted,codex-photo-review,Marked D6 2x8 local package row identifies pin; chip-removed owner continuity joins D6.13 and D6.14 with D13.12 on D6_V_ENABLE
seed-solder-D6-13,ref/photos/juku-pcb-2/PXL_20260710_200527310.jpg,2016,1215,D6,13,D6_V_ENABLE,local-package-fit,accepted,codex-photo-review,Marked D6 2x8 local package row identifies pin; chip-removed owner continuity joins D6.13 and D6.14 with D13.12 on D6_V_ENABLE
seed-component-D6-14,ref/photos/juku-pcb-2/PXL_20260710_200411500.jpg,1784,1480,D6,14,D6_V_ENABLE,local-package-fit,accepted,codex-photo-review,Marked D6 2x8 local package row identifies pin; chip-removed owner continuity joins D6.13 and D6.14 with D13.12 on D6_V_ENABLE
seed-solder-D6-14,ref/photos/juku-pcb-2/PXL_20260710_200527310.jpg,1961,1215,D6,14,D6_V_ENABLE,local-package-fit,accepted,codex-photo-review,Marked D6 2x8 local package row identifies pin; chip-removed owner continuity joins D6.13 and D6.14 with D13.12 on D6_V_ENABLE
seed-component-D7-10,ref/photos/juku-pcb-2/PXL_20260710_200415237.jpg,1522.333,1571.000,D7,10,,local-package-fit,measurement,codex-photo-review,Direct D7 package fit identifies this physical pad; endpoint connectivity remains a measurement boundary.
seed-solder-D7-10,ref/photos/juku-pcb-2/PXL_20260710_200525009.jpg,2300.000,1193.000,D7,10,,local-package-fit,measurement,codex-photo-review,Direct D7 package fit identifies this physical pad; endpoint connectivity remains a measurement boundary.
seed-component-D7-3,ref/photos/juku-pcb-2/PXL_20260710_200415237.jpg,1637.667,1409.000,D7,3,,local-package-fit,measurement,codex-photo-review,Direct D7 package fit identifies this physical pad; endpoint connectivity remains a measurement boundary.
seed-solder-D7-3,ref/photos/juku-pcb-2/PXL_20260710_200525009.jpg,2190.000,1029.000,D7,3,,local-package-fit,measurement,codex-photo-review,"Direct 2x7 D7 solder-package fit identifies physical pin3; its annulus has no visible local B.Cu departure. Component front trace reaches a partly occluded via near (3352,955) in 200411500; far-side landing and remote load remain unproved."
seed-component-D7-4,ref/photos/juku-pcb-2/PXL_20260710_200415237.jpg,1580.000,1409.000,D7,4,,local-package-fit,measurement,codex-photo-review,Direct D7 package fit identifies this physical pad; endpoint connectivity remains a measurement boundary.
seed-solder-D7-4,ref/photos/juku-pcb-2/PXL_20260710_200525009.jpg,2245.000,1029.000,D7,4,,local-package-fit,measurement,codex-photo-review,Direct D7 package fit identifies this physical pad; endpoint connectivity remains a measurement boundary.
seed-component-D7-5,ref/photos/juku-pcb-2/PXL_20260710_200415237.jpg,1522.333,1409.000,D7,5,,local-package-fit,measurement,codex-photo-review,Direct D7 package fit identifies this physical pad; endpoint connectivity remains a measurement boundary.
seed-solder-D7-5,ref/photos/juku-pcb-2/PXL_20260710_200525009.jpg,2300.000,1029.000,D7,5,,local-package-fit,measurement,codex-photo-review,Direct D7 package fit identifies this physical pad; endpoint connectivity remains a measurement boundary.
seed-component-D7-8,ref/photos/juku-pcb-2/PXL_20260710_200415237.jpg,1407.000,1571.000,D7,8,,local-package-fit,measurement,codex-photo-review,Direct D7 package fit identifies this physical pad; endpoint connectivity remains a measurement boundary.
seed-solder-D7-8,ref/photos/juku-pcb-2/PXL_20260710_200525009.jpg,2410.000,1193.000,D7,8,,local-package-fit,measurement,codex-photo-review,Direct D7 package fit identifies this physical pad; endpoint connectivity remains a measurement boundary.
seed-component-D7-9,ref/photos/juku-pcb-2/PXL_20260710_200415237.jpg,1464.667,1571.000,D7,9,,local-package-fit,measurement,codex-photo-review,Direct D7 package fit identifies this physical pad; endpoint connectivity remains a measurement boundary.
seed-solder-D7-9,ref/photos/juku-pcb-2/PXL_20260710_200525009.jpg,2355.000,1193.000,D7,9,,local-package-fit,measurement,codex-photo-review,Direct D7 package fit identifies this physical pad; endpoint connectivity remains a measurement boundary.
seed-component-D94-1,ref/photos/juku-pcb-2/PXL_20260710_200402344.jpg,1627.700,1559.700,D94,1,,local-package-fit,measurement,codex-photo-review,Package registration retained; former D94.1->D93.4 interpretation invalidated by chip-removed owner continuity and mirrored pin-count correction
seed-solder-D94-1,ref/photos/juku-pcb-2/PXL_20260710_200506061.jpg,2046.000,1330.000,D94,1,,local-package-fit,measurement,codex-photo-review,Reflected package landing retained; former D94.1->D93.4 electrical interpretation is invalidated
seed-component-D94-10,ref/photos/juku-pcb-2/PXL_20260710_200402344.jpg,1938.586,1401.471,D94,10,BA0,local-package-fit,measurement,codex-photo-review,Package registration retained; direct owner continuity separately proves D94.10-D93.5/BA0
seed-solder-D94-10,ref/photos/juku-pcb-2/PXL_20260710_200506061.jpg,1743.429,1176.571,D94,10,BA0,local-package-fit,measurement,codex-photo-review,Reflected package landing retained; direct owner continuity separately proves D94.10-D93.5/BA0
seed-component-D94-11,ref/photos/juku-pcb-2/PXL_20260710_200402344.jpg,1886.586,1401.843,D94,11,BA1,local-package-fit,measurement,codex-photo-review,Package registration retained; direct owner continuity separately proves D94.11-D93.6-D27.8/BA1
seed-solder-D94-11,ref/photos/juku-pcb-2/PXL_20260710_200506061.jpg,1794.000,1176.857,D94,11,BA1,local-package-fit,measurement,codex-photo-review,Reflected package landing retained; direct owner continuity separately proves D94.11-D93.6-D27.8/BA1
seed-component-D94-12,ref/photos/juku-pcb-2/PXL_20260710_200402344.jpg,1834.586,1402.214,D94,12,IORD,local-package-fit,measurement,codex-photo-review,Package registration retained; direct owner continuity separately proves D94.12-D27.5-D29.4/IORD
seed-solder-D94-12,ref/photos/juku-pcb-2/PXL_20260710_200506061.jpg,1844.571,1177.143,D94,12,IORD,local-package-fit,measurement,codex-photo-review,Reflected package landing retained; direct owner continuity separately proves D94.12-D27.5-D29.4/IORD
seed-component-D94-13,ref/photos/juku-pcb-2/PXL_20260710_200402344.jpg,1782.586,1402.586,D94,13,IOWR,local-package-fit,measurement,codex-photo-review,Package registration retained; owner continuity 2026-07-19 proves D94.13 belongs to D105.3 qualified peripheral /WR and is about 84 kohm from D104.7
seed-solder-D94-13,ref/photos/juku-pcb-2/PXL_20260710_200506061.jpg,1895.143,1177.429,D94,13,IOWR,local-package-fit,measurement,codex-photo-review,Reflected package landing retained; owner continuity separately closes the qualified /WR endpoints
seed-component-D94-14,ref/photos/juku-pcb-2/PXL_20260710_200402344.jpg,1730.586,1402.957,D94,14,D94_A4_D101_Q0,local-package-fit,measurement,codex-photo-review,Package registration retained; direct owner continuity proves only D94.14-D101.7
seed-solder-D94-14,ref/photos/juku-pcb-2/PXL_20260710_200506061.jpg,1945.714,1177.714,D94,14,D94_A4_D101_Q0,local-package-fit,measurement,codex-photo-review,Reflected package landing retained; former R88 branch retracted by owner continuity
seed-component-D94-15,ref/photos/juku-pcb-2/PXL_20260710_200402344.jpg,1678.586,1403.329,D94,15,,local-package-fit,measurement,codex-photo-review,"Corrected local fit identifies the socket pad; alternate PXL_20260710_200358952.jpg view near (3052,1285) confirms orientation and exposed fanout but no unique onward destination"
seed-solder-D94-15,ref/photos/juku-pcb-2/PXL_20260710_200506061.jpg,1996.286,1178.000,D94,15,,local-package-fit,measurement,codex-photo-review,Reflected local fit identifies the physical pad; 2026-07-11 high-resolution trace chase across the adjacent solder tile still does not yield a unique destination
seed-component-D94-2,ref/photos/juku-pcb-2/PXL_20260710_200402344.jpg,1679.700,1559.329,D94,2,D94_D1_D99_A2N,local-package-fit,measurement,codex-photo-review,Package registration retained; owner continuity 2026-07-19 proves D94.2-D99.9-R89 and disproves D99.8/GND
seed-solder-D94-2,ref/photos/juku-pcb-2/PXL_20260710_200506061.jpg,1995.429,1329.714,D94,2,,local-package-fit,measurement,codex-photo-review,Reflected package landing retained; former D94.2->D93.3 electrical interpretation is invalidated
seed-component-D94-3,ref/photos/juku-pcb-2/PXL_20260710_200402344.jpg,1731.700,1558.957,D94,3,,local-package-fit,measurement,codex-photo-review,Package registration retained; former D94.3->D93.2 interpretation invalidated by chip-removed owner continuity which proves D94.3->D93.4
seed-solder-D94-3,ref/photos/juku-pcb-2/PXL_20260710_200506061.jpg,1944.857,1329.429,D94,3,,local-package-fit,measurement,codex-photo-review,Reflected package landing retained; former D94.3->D93.2 electrical interpretation is invalidated
seed-component-D94-4,ref/photos/juku-pcb-2/PXL_20260710_200402344.jpg,1783.700,1558.586,D94,4,,local-package-fit,measurement,codex-photo-review,"Pad identity proved; continuous component trace runs downward to an approximately (1789,2750) px terminal via/layer handoff; exact crop proves this is distinct from D93.19's upper via"
seed-solder-D94-4,ref/photos/juku-pcb-2/PXL_20260710_200506061.jpg,1894.286,1329.143,D94,4,,local-package-fit,measurement,codex-photo-review,"Pad identity proved; projected handoff region near (2021,930) px in PXL_20260710_200522685.jpg is crowded and remains unaccepted"
seed-component-D94-5,ref/photos/juku-pcb-2/PXL_20260710_200402344.jpg,1835.700,1558.214,D94,5,,local-package-fit,accepted,codex-photo-review,Corrected local fit plus factory E3 frame PXL_20260718_101633062 and owner visual inspection identify D94.5 as NC
seed-component-alt-D94-5,ref/photos/juku-pcb-2/PXL_20260710_202708344.jpg,2477.000,1768.714,D94,5,,local-package-fit+visible-gap,rejected,codex-photo-review,Independent exposed-socket affine identifies D94.5; full-resolution recheck shows it is NC and disproves the former D93.1 merge
seed-component-D93-1,ref/photos/juku-pcb-2/PXL_20260710_202708344.jpg,2215.000,1810.000,D93,1,D93_1_OPEN_STUB,local-package-fit+visible-gap,rejected,codex-photo-review,D93.1 owns the short trace ending at the open terminal in factory E3 frame PXL_20260718_101633062; owner continuity finds no other endpoint
seed-solder-D94-5,ref/photos/juku-pcb-2/PXL_20260710_200506061.jpg,1843.714,1328.857,D94,5,,local-package-fit,measurement,codex-photo-review,Reflected local fit identifies the physical pad; the remaining solder copper does not yet yield a unique destination
seed-component-D94-6,ref/photos/juku-pcb-2/PXL_20260710_200402344.jpg,1887.700,1557.843,D94,6,,local-package-fit,measurement,codex-photo-review,"Corrected local fit identifies the socket pad; an independent exposed-socket fit proves uninterrupted front copper from D94.6 to the plated handoff at (2266,1828) px in PXL_20260710_202708344.jpg, but D93- and D94-local cross-side projections disagree by 54.2 px and do not prove a solder continuation"
seed-solder-D94-6,ref/photos/juku-pcb-2/PXL_20260710_200506061.jpg,1793.143,1328.571,D94,6,,local-package-fit,measurement,codex-photo-review,Reflected local fit identifies the physical pad; the remaining solder copper does not yet yield a unique destination
seed-component-D94-7,ref/photos/juku-pcb-2/PXL_20260710_200402344.jpg,1939.700,1557.471,D94,7,,local-package-fit,measurement,codex-photo-review,"Corrected local fit identifies the socket pad and local departure; a suspected handoff near (1915,1676) px is rejected because package-homography projection lands on bare solder-side substrate near (1767,1444), proving it belongs to an adjacent conductor"
seed-solder-D94-7,ref/photos/juku-pcb-2/PXL_20260710_200506061.jpg,1742.571,1328.286,D94,7,,local-package-fit,measurement,codex-photo-review,Reflected local fit identifies the physical pad; the remaining solder copper does not yet yield a unique destination
seed-component-D94-9,ref/photos/juku-pcb-2/PXL_20260710_200402344.jpg,1990.586,1401.100,D94,9,,local-package-fit,measurement,codex-photo-review,Corrected local fit identifies the socket pad; copper either reaches a via/layer handoff or leaves the visible region without an identified destination
seed-solder-D94-9,ref/photos/juku-pcb-2/PXL_20260710_200506061.jpg,1692.857,1176.286,D94,9,,local-package-fit,measurement,codex-photo-review,Reflected local fit identifies the physical pad; the remaining solder copper does not yet yield a unique destination
seed-component-D28-1,ref/photos/juku-pcb-2/PXL_20260710_200402344.jpg,2848.000,2071.000,D28,1,,local-package-fit,measurement,codex-photo-review,Validated D28 component fit replaces the displaced generated landing and identifies the photographed package contact; local component package fit establishes pad identity only; no electrical path accepted
seed-solder-D28-1,ref/photos/juku-pcb-2/PXL_20260710_200506061.jpg,977.448,1858.787,D28,1,,local-package-fit,measurement,codex-photo-review,"Validated reflected D28 fit identifies the photographed solder joint, distinct from the adjacent open vias; the visible local copper does not reach an identified remote package pad; local solder package fit establishes pad identity only; no electrical path accepted"
seed-component-D28-10,ref/photos/juku-pcb-2/PXL_20260710_200402344.jpg,3006.000,2281.667,D28,10,,local-package-fit,measurement,codex-photo-review,Validated D28 component fit replaces the displaced generated landing and identifies the photographed package contact; local component package fit establishes pad identity only; no electrical path accepted
seed-solder-D28-10,ref/photos/juku-pcb-2/PXL_20260710_200506061.jpg,838.442,2041.512,D28,10,,local-package-fit,measurement,codex-photo-review,"Validated reflected D28 fit identifies the photographed solder joint, distinct from the adjacent open vias; the visible local copper does not reach an identified remote package pad; local solder package fit establishes pad identity only; no electrical path accepted"
seed-component-D28-11,ref/photos/juku-pcb-2/PXL_20260710_200402344.jpg,3006.000,2229.000,D28,11,,local-package-fit,measurement,codex-photo-review,Validated D28 component fit replaces the displaced generated landing and identifies the photographed package contact; local component package fit establishes pad identity only; no electrical path accepted
seed-solder-D28-11,ref/photos/juku-pcb-2/PXL_20260710_200506061.jpg,838.756,1995.595,D28,11,,local-package-fit,measurement,codex-photo-review,"Validated reflected D28 fit identifies the photographed solder joint, distinct from the adjacent open vias; the visible local copper does not reach an identified remote package pad; local solder package fit establishes pad identity only; no electrical path accepted"
seed-component-D28-12,ref/photos/juku-pcb-2/PXL_20260710_200402344.jpg,3006.000,2176.333,D28,12,,local-package-fit,measurement,codex-photo-review,Validated D28 component fit replaces the displaced generated landing and identifies the photographed package contact; local component package fit establishes pad identity only; no electrical path accepted
seed-solder-D28-12,ref/photos/juku-pcb-2/PXL_20260710_200506061.jpg,839.070,1949.679,D28,12,,local-package-fit,measurement,codex-photo-review,"Validated reflected D28 fit identifies the photographed solder joint, distinct from the adjacent open vias; the visible local copper does not reach an identified remote package pad; local solder package fit establishes pad identity only; no electrical path accepted"
seed-component-D28-13,ref/photos/juku-pcb-2/PXL_20260710_200402344.jpg,3006.000,2123.667,D28,13,,local-package-fit,measurement,codex-photo-review,Validated D28 component fit replaces the displaced generated landing and identifies the photographed package contact; local component package fit establishes pad identity only; no electrical path accepted
seed-solder-D28-13,ref/photos/juku-pcb-2/PXL_20260710_200506061.jpg,839.384,1903.762,D28,13,,local-package-fit,measurement,codex-photo-review,"Validated reflected D28 fit identifies the photographed solder joint, distinct from the adjacent open vias; the visible local copper does not reach an identified remote package pad; local solder package fit establishes pad identity only; no electrical path accepted"
seed-component-D28-2,ref/photos/juku-pcb-2/PXL_20260710_200402344.jpg,2848.000,2123.667,D28,2,,local-package-fit,measurement,codex-photo-review,Validated D28 component fit replaces the displaced generated landing and identifies the photographed package contact; local component package fit establishes pad identity only; no electrical path accepted
seed-solder-D28-2,ref/photos/juku-pcb-2/PXL_20260710_200506061.jpg,977.134,1904.704,D28,2,,local-package-fit,measurement,codex-photo-review,"Validated reflected D28 fit identifies the photographed solder joint, distinct from the adjacent open vias; the visible local copper does not reach an identified remote package pad; local solder package fit establishes pad identity only; no electrical path accepted"
seed-component-D28-3,ref/photos/juku-pcb-2/PXL_20260710_200402344.jpg,2848.000,2176.333,D28,3,,local-package-fit,measurement,codex-photo-review,Validated D28 component fit replaces the displaced generated landing and identifies the photographed package contact; local component package fit establishes pad identity only; no electrical path accepted
seed-solder-D28-3,ref/photos/juku-pcb-2/PXL_20260710_200506061.jpg,976.820,1950.621,D28,3,,local-package-fit,measurement,codex-photo-review,"Validated reflected D28 fit identifies the photographed solder joint, distinct from the adjacent open vias; the visible local copper does not reach an identified remote package pad; local solder package fit establishes pad identity only; no electrical path accepted"
seed-component-D28-4,ref/photos/juku-pcb-2/PXL_20260710_200402344.jpg,2848.000,2229.000,D28,4,,local-package-fit,measurement,codex-photo-review,Validated D28 component fit replaces the displaced generated landing and identifies the photographed package contact; local component package fit establishes pad identity only; no electrical path accepted
seed-solder-D28-4,ref/photos/juku-pcb-2/PXL_20260710_200506061.jpg,976.506,1996.537,D28,4,,local-package-fit,measurement,codex-photo-review,"Validated reflected D28 fit identifies the photographed solder joint, distinct from the adjacent open vias; the visible local copper does not reach an identified remote package pad; local solder package fit establishes pad identity only; no electrical path accepted"
seed-component-D28-5,ref/photos/juku-pcb-2/PXL_20260710_200402344.jpg,2848.000,2281.667,D28,5,,local-package-fit,measurement,codex-photo-review,Validated D28 component fit replaces the displaced generated landing and identifies the photographed package contact; local component package fit establishes pad identity only; no electrical path accepted
seed-solder-D28-5,ref/photos/juku-pcb-2/PXL_20260710_200506061.jpg,976.192,2042.454,D28,5,,local-package-fit,measurement,codex-photo-review,"Validated reflected D28 fit identifies the photographed solder joint, distinct from the adjacent open vias; the visible local copper does not reach an identified remote package pad; local solder package fit establishes pad identity only; no electrical path accepted"
seed-component-D28-6,ref/photos/juku-pcb-2/PXL_20260710_200402344.jpg,2848.000,2334.333,D28,6,,local-package-fit,measurement,codex-photo-review,Validated D28 component fit replaces the displaced generated landing and identifies the photographed package contact; local component package fit establishes pad identity only; no electrical path accepted
seed-solder-D28-6,ref/photos/juku-pcb-2/PXL_20260710_200506061.jpg,975.878,2088.371,D28,6,,local-package-fit,measurement,codex-photo-review,"Validated reflected D28 fit identifies the photographed solder joint, distinct from the adjacent open vias; the visible local copper does not reach an identified remote package pad; local solder package fit establishes pad identity only; no electrical path accepted"
seed-component-D28-8,ref/photos/juku-pcb-2/PXL_20260710_200402344.jpg,3006.000,2387.000,D28,8,,local-package-fit,measurement,codex-photo-review,Validated D28 component fit replaces the displaced generated landing and identifies the photographed package contact; local component package fit establishes pad identity only; no electrical path accepted
seed-solder-D28-8,ref/photos/juku-pcb-2/PXL_20260710_200506061.jpg,837.814,2133.346,D28,8,,local-package-fit,measurement,codex-photo-review,"Validated reflected D28 fit identifies the photographed solder joint, distinct from the adjacent open vias; the visible local copper does not reach an identified remote package pad; local solder package fit establishes pad identity only; no electrical path accepted"
seed-component-D28-9,ref/photos/juku-pcb-2/PXL_20260710_200402344.jpg,3006.000,2334.333,D28,9,,local-package-fit,measurement,codex-photo-review,Validated D28 component fit replaces the displaced generated landing and identifies the photographed package contact; local component package fit establishes pad identity only; no electrical path accepted
seed-solder-D28-9,ref/photos/juku-pcb-2/PXL_20260710_200506061.jpg,838.128,2087.429,D28,9,,local-package-fit,measurement,codex-photo-review,"Validated reflected D28 fit identifies the photographed solder joint, distinct from the adjacent open vias; the visible local copper does not reach an identified remote package pad; local solder package fit establishes pad identity only; no electrical path accepted"
seed-component-D95-1,ref/photos/juku-pcb-2/PXL_20260710_200418174.jpg,2690.602,1049.965,D95,1,,local-package-fit,measurement,codex-photo-review,Validated D95 component fit corrects the reversed/offset projection and identifies the photographed К555КП12 package contact; local component package fit establishes pad identity only; no electrical path accepted
seed-solder-D95-1,ref/photos/juku-pcb-2/PXL_20260710_200522685.jpg,1513.571,903.286,D95,1,,local-package-fit,measurement,codex-photo-review,Corrected backside-order D95 fit identifies the physical joint in the right-hand package; the former left-group D95 assignment is withdrawn because that package is D99; local solder package fit establishes pad identity only; no electrical path accepted
seed-component-D95-10,ref/photos/juku-pcb-2/PXL_20260710_200418174.jpg,2358.844,1220.577,D95,10,,local-package-fit,measurement,codex-photo-review,Validated D95 component fit corrects the reversed/offset projection and identifies the photographed К555КП12 package contact; local component package fit establishes pad identity only; no electrical path accepted
seed-solder-D95-10,ref/photos/juku-pcb-2/PXL_20260710_200522685.jpg,1840.571,740.857,D95,10,,local-package-fit,measurement,codex-photo-review,Corrected backside-order D95 fit identifies the physical joint in the right-hand package; the former left-group D95 assignment is withdrawn because that package is D99; local solder package fit establishes pad identity only; no electrical path accepted
seed-component-D95-11,ref/photos/juku-pcb-2/PXL_20260710_200418174.jpg,2414.452,1219.946,D95,11,,local-package-fit,measurement,codex-photo-review,Validated D95 component fit corrects the reversed/offset projection and identifies the photographed К555КП12 package contact; local component package fit establishes pad identity only; no electrical path accepted
seed-solder-D95-11,ref/photos/juku-pcb-2/PXL_20260710_200522685.jpg,1786.143,740.714,D95,11,,local-package-fit,measurement,codex-photo-review,Corrected backside-order D95 fit identifies the physical joint in the right-hand package; the former left-group D95 assignment is withdrawn because that package is D99; local solder package fit establishes pad identity only; no electrical path accepted
seed-component-D95-12,ref/photos/juku-pcb-2/PXL_20260710_200418174.jpg,2470.061,1219.315,D95,12,,local-package-fit,measurement,codex-photo-review,Validated D95 component fit corrects the reversed/offset projection and identifies the photographed К555КП12 package contact; local component package fit establishes pad identity only; no electrical path accepted
seed-solder-D95-12,ref/photos/juku-pcb-2/PXL_20260710_200522685.jpg,1731.714,740.571,D95,12,,local-package-fit,measurement,codex-photo-review,Corrected backside-order D95 fit identifies the physical joint in the right-hand package; the former left-group D95 assignment is withdrawn because that package is D99; local solder package fit establishes pad identity only; no electrical path accepted
seed-component-D95-13,ref/photos/juku-pcb-2/PXL_20260710_200418174.jpg,2525.669,1218.684,D95,13,,local-package-fit,measurement,codex-photo-review,Validated D95 component fit corrects the reversed/offset projection and identifies the photographed К555КП12 package contact; local component package fit establishes pad identity only; no electrical path accepted
seed-solder-D95-13,ref/photos/juku-pcb-2/PXL_20260710_200522685.jpg,1677.286,740.429,D95,13,,local-package-fit,measurement,codex-photo-review,Corrected backside-order D95 fit identifies the physical joint in the right-hand package; the former left-group D95 assignment is withdrawn because that package is D99; local solder package fit establishes pad identity only; no electrical path accepted
seed-component-D95-14,ref/photos/juku-pcb-2/PXL_20260710_200418174.jpg,2581.278,1218.053,D95,14,FDC_DDEN,local-package-fit,accepted,codex-photo-review,Validated D95 component fit identifies pin14; uninterrupted component copper runs to the factory-identified R92 right landing at 2564.000 1314.000; recovered .009 sheet 3 identifies the shared node as FM/MFM
seed-solder-D95-14,ref/photos/juku-pcb-2/PXL_20260710_200522685.jpg,1622.857,740.286,D95,14,,local-package-fit,measurement,codex-photo-review,Corrected backside-order D95 fit identifies the physical joint in the right-hand package; the former left-group D95 assignment is withdrawn because that package is D99; local solder package fit establishes pad identity only; no electrical path accepted
seed-component-D95-15,ref/photos/juku-pcb-2/PXL_20260710_200418174.jpg,2636.886,1217.422,D95,15,,local-package-fit,measurement,codex-photo-review,Validated D95 component fit corrects the reversed/offset projection and identifies the photographed К555КП12 package contact; local component package fit establishes pad identity only; no electrical path accepted
seed-solder-D95-15,ref/photos/juku-pcb-2/PXL_20260710_200522685.jpg,1568.429,740.143,D95,15,,local-package-fit,measurement,codex-photo-review,Corrected backside-order D95 fit identifies the physical joint in the right-hand package; the former left-group D95 assignment is withdrawn because that package is D99; local solder package fit establishes pad identity only; no electrical path accepted
seed-component-D95-2,ref/photos/juku-pcb-2/PXL_20260710_200418174.jpg,2634.993,1050.596,D95,2,,local-package-fit,measurement,codex-photo-review,Validated D95 component fit corrects the reversed/offset projection and identifies the photographed К555КП12 package contact; local component package fit establishes pad identity only; no electrical path accepted
seed-solder-D95-2,ref/photos/juku-pcb-2/PXL_20260710_200522685.jpg,1568.000,903.429,D95,2,,local-package-fit,measurement,codex-photo-review,Corrected backside-order D95 fit identifies the physical joint in the right-hand package; the former left-group D95 assignment is withdrawn because that package is D99; local solder package fit establishes pad identity only; no electrical path accepted
seed-component-D95-3,ref/photos/juku-pcb-2/PXL_20260710_200418174.jpg,2579.385,1051.227,D95,3,,local-package-fit,measurement,codex-photo-review,Validated D95 component fit corrects the reversed/offset projection and identifies the photographed К555КП12 package contact; local component package fit establishes pad identity only; no electrical path accepted
seed-solder-D95-3,ref/photos/juku-pcb-2/PXL_20260710_200522685.jpg,1622.429,903.571,D95,3,,local-package-fit,measurement,codex-photo-review,Corrected backside-order D95 fit identifies the physical joint in the right-hand package; the former left-group D95 assignment is withdrawn because that package is D99; local solder package fit establishes pad identity only; no electrical path accepted
seed-component-D95-4,ref/photos/juku-pcb-2/PXL_20260710_200418174.jpg,2523.776,1051.858,D95,4,,local-package-fit,measurement,codex-photo-review,Validated D95 component fit corrects the reversed/offset projection and identifies the photographed К555КП12 package contact; local component package fit establishes pad identity only; no electrical path accepted
seed-solder-D95-4,ref/photos/juku-pcb-2/PXL_20260710_200522685.jpg,1676.857,903.714,D95,4,,local-package-fit,measurement,codex-photo-review,Corrected backside-order D95 fit identifies the physical joint in the right-hand package; the former left-group D95 assignment is withdrawn because that package is D99; local solder package fit establishes pad identity only; no electrical path accepted
seed-component-D95-5,ref/photos/juku-pcb-2/PXL_20260710_200418174.jpg,2468.168,1052.489,D95,5,,local-package-fit,measurement,codex-photo-review,Validated D95 component fit corrects the reversed/offset projection and identifies the photographed К555КП12 package contact; local component package fit establishes pad identity only; no electrical path accepted
seed-solder-D95-5,ref/photos/juku-pcb-2/PXL_20260710_200522685.jpg,1731.286,903.857,D95,5,,local-package-fit,measurement,codex-photo-review,Corrected backside-order D95 fit identifies the physical joint in the right-hand package; the former left-group D95 assignment is withdrawn because that package is D99; local solder package fit establishes pad identity only; no electrical path accepted
seed-component-D95-6,ref/photos/juku-pcb-2/PXL_20260710_200418174.jpg,2412.559,1053.120,D95,6,,local-package-fit,measurement,codex-photo-review,Validated D95 component fit corrects the reversed/offset projection and identifies the photographed К555КП12 package contact; local component package fit establishes pad identity only; no electrical path accepted
seed-solder-D95-6,ref/photos/juku-pcb-2/PXL_20260710_200522685.jpg,1785.714,904.000,D95,6,,local-package-fit,measurement,codex-photo-review,Corrected backside-order D95 fit identifies the physical joint in the right-hand package; the former left-group D95 assignment is withdrawn because that package is D99; local solder package fit establishes pad identity only; no electrical path accepted
seed-component-D95-7,ref/photos/juku-pcb-2/PXL_20260710_200418174.jpg,2356.951,1053.751,D95,7,,local-package-fit,measurement,codex-photo-review,Validated D95 component fit corrects the reversed/offset projection and identifies the photographed К555КП12 package contact; local component package fit establishes pad identity only; no electrical path accepted
seed-solder-D95-7,ref/photos/juku-pcb-2/PXL_20260710_200522685.jpg,1840.143,904.143,D95,7,,local-package-fit,measurement,codex-photo-review,Corrected backside-order D95 fit identifies the physical joint in the right-hand package; the former left-group D95 assignment is withdrawn because that package is D99; local solder package fit establishes pad identity only; no electrical path accepted
seed-component-D95-9,ref/photos/juku-pcb-2/PXL_20260710_200418174.jpg,2303.235,1221.208,D95,9,,local-package-fit,measurement,codex-photo-review,Validated D95 component fit corrects the reversed/offset projection and identifies the photographed К555КП12 package contact; local component package fit establishes pad identity only; no electrical path accepted
seed-solder-D95-9,ref/photos/juku-pcb-2/PXL_20260710_200522685.jpg,1895.000,741.000,D95,9,,local-package-fit,measurement,codex-photo-review,Corrected backside-order D95 fit identifies the physical joint in the right-hand package; the former left-group D95 assignment is withdrawn because that package is D99; local solder package fit establishes pad identity only; no electrical path accepted
seed-component-D96-1,ref/photos/juku-pcb-2/PXL_20260710_200402344.jpg,3148.000,2075.000,D96,1,,local-package-fit,measurement,codex-photo-review,Validated D96 fit identifies physical pin1; projecting the full 14-contact package through the registered component panorama aligns both rows and the notch with the same КМ555ТМ2 beside D99; local component package fit establishes pad identity only; no electrical path accepted
seed-solder-D96-1,ref/photos/juku-pcb-2/PXL_20260710_200506061.jpg,764.000,1858.000,D96,1,,local-package-fit,measurement,codex-photo-review,"Validated reflected D96 fit identifies the physical solder joint, distinct from the adjacent open vias; local solder package fit establishes pad identity only; no electrical path accepted"
seed-component-D96-10,ref/photos/juku-pcb-2/PXL_20260710_200402344.jpg,3307.000,2287.000,D96,10,,local-package-fit,measurement,codex-photo-review,Validated D96 fit identifies physical pin10; projecting the full 14-contact package through the registered component panorama aligns both rows and the notch with the same КМ555ТМ2 beside D99; local component package fit establishes pad identity only; no electrical path accepted
seed-solder-D96-10,ref/photos/juku-pcb-2/PXL_20260710_200506061.jpg,625.000,2040.000,D96,10,,local-package-fit,measurement,codex-photo-review,"Validated reflected D96 fit identifies the physical solder joint, distinct from the adjacent open vias; local solder package fit establishes pad identity only; no electrical path accepted"
seed-component-D96-11,ref/photos/juku-pcb-2/PXL_20260710_200402344.jpg,3307.000,2234.000,D96,11,,local-package-fit,measurement,codex-photo-review,Validated D96 fit identifies physical pin11; projecting the full 14-contact package through the registered component panorama aligns both rows and the notch with the same КМ555ТМ2 beside D99; local component package fit establishes pad identity only; no electrical path accepted
seed-solder-D96-11,ref/photos/juku-pcb-2/PXL_20260710_200506061.jpg,625.400,1994.200,D96,11,,local-package-fit,measurement,codex-photo-review,"Validated reflected D96 fit identifies the physical solder joint, distinct from the adjacent open vias; local solder package fit establishes pad identity only; no electrical path accepted"
seed-component-D96-12,ref/photos/juku-pcb-2/PXL_20260710_200402344.jpg,3307.000,2181.000,D96,12,,local-package-fit,measurement,codex-photo-review,Validated D96 fit identifies physical pin12; projecting the full 14-contact package through the registered component panorama aligns both rows and the notch with the same КМ555ТМ2 beside D99; local component package fit establishes pad identity only; no electrical path accepted
seed-solder-D96-12,ref/photos/juku-pcb-2/PXL_20260710_200506061.jpg,625.800,1948.400,D96,12,,local-package-fit,measurement,codex-photo-review,"Validated reflected D96 fit identifies the physical solder joint, distinct from the adjacent open vias; local solder package fit establishes pad identity only; no electrical path accepted"
seed-component-D96-13,ref/photos/juku-pcb-2/PXL_20260710_200402344.jpg,3307.000,2128.000,D96,13,,local-package-fit,measurement,codex-photo-review,Validated D96 fit identifies physical pin13; projecting the full 14-contact package through the registered component panorama aligns both rows and the notch with the same КМ555ТМ2 beside D99; local component package fit establishes pad identity only; no electrical path accepted
seed-solder-D96-13,ref/photos/juku-pcb-2/PXL_20260710_200506061.jpg,626.200,1902.600,D96,13,,local-package-fit,measurement,codex-photo-review,"Validated reflected D96 fit identifies the physical solder joint, distinct from the adjacent open vias; local solder package fit establishes pad identity only; no electrical path accepted"
seed-component-D96-2,ref/photos/juku-pcb-2/PXL_20260710_200402344.jpg,3148.000,2128.000,D96,2,,local-package-fit,measurement,codex-photo-review,Validated D96 fit identifies physical pin2; projecting the full 14-contact package through the registered component panorama aligns both rows and the notch with the same КМ555ТМ2 beside D99; local component package fit establishes pad identity only; no electrical path accepted
seed-solder-D96-2,ref/photos/juku-pcb-2/PXL_20260710_200506061.jpg,763.600,1903.800,D96,2,,local-package-fit,measurement,codex-photo-review,"Validated reflected D96 fit identifies the physical solder joint, distinct from the adjacent open vias; local solder package fit establishes pad identity only; no electrical path accepted"
seed-component-D96-3,ref/photos/juku-pcb-2/PXL_20260710_200402344.jpg,3148.000,2181.000,D96,3,,local-package-fit,measurement,codex-photo-review,Validated D96 fit identifies physical pin3; projecting the full 14-contact package through the registered component panorama aligns both rows and the notch with the same КМ555ТМ2 beside D99; local component package fit establishes pad identity only; no electrical path accepted
seed-solder-D96-3,ref/photos/juku-pcb-2/PXL_20260710_200506061.jpg,763.200,1949.600,D96,3,,local-package-fit,measurement,codex-photo-review,"Validated reflected D96 fit identifies the physical solder joint, distinct from the adjacent open vias; local solder package fit establishes pad identity only; no electrical path accepted"
seed-component-D96-4,ref/photos/juku-pcb-2/PXL_20260710_200402344.jpg,3148.000,2234.000,D96,4,,local-package-fit,measurement,codex-photo-review,Validated D96 fit identifies physical pin4; projecting the full 14-contact package through the registered component panorama aligns both rows and the notch with the same КМ555ТМ2 beside D99; local component package fit establishes pad identity only; no electrical path accepted
seed-solder-D96-4,ref/photos/juku-pcb-2/PXL_20260710_200506061.jpg,762.800,1995.400,D96,4,,local-package-fit,measurement,codex-photo-review,"Validated reflected D96 fit identifies the physical solder joint, distinct from the adjacent open vias; local solder package fit establishes pad identity only; no electrical path accepted"
seed-component-D96-5,ref/photos/juku-pcb-2/PXL_20260710_200402344.jpg,3148.000,2287.000,D96,5,,local-package-fit,measurement,codex-photo-review,Validated D96 fit identifies physical pin5; projecting the full 14-contact package through the registered component panorama aligns both rows and the notch with the same КМ555ТМ2 beside D99; local component package fit establishes pad identity only; no electrical path accepted
seed-solder-D96-5,ref/photos/juku-pcb-2/PXL_20260710_200506061.jpg,762.400,2041.200,D96,5,,local-package-fit,measurement,codex-photo-review,"Validated reflected D96 fit identifies the physical solder joint, distinct from the adjacent open vias; local solder package fit establishes pad identity only; no electrical path accepted"
seed-component-D96-6,ref/photos/juku-pcb-2/PXL_20260710_200402344.jpg,3148.000,2340.000,D96,6,,local-package-fit,measurement,codex-photo-review,Validated D96 fit identifies physical pin6; projecting the full 14-contact package through the registered component panorama aligns both rows and the notch with the same КМ555ТМ2 beside D99; local component package fit establishes pad identity only; no electrical path accepted
seed-solder-D96-6,ref/photos/juku-pcb-2/PXL_20260710_200506061.jpg,762.000,2087.000,D96,6,,local-package-fit,measurement,codex-photo-review,"Validated reflected D96 fit identifies the physical solder joint, distinct from the adjacent open vias; local solder package fit establishes pad identity only; no electrical path accepted"
seed-component-D96-8,ref/photos/juku-pcb-2/PXL_20260710_200402344.jpg,3307.000,2393.000,D96,8,D96_Q2_N_TEST_LANDING,local-package-fit,accepted,codex-photo-review,Validated D96 fit identifies Q2_N/pin8; full-package registration follows it to a distinct circular component landing and the D99-local cross-side transform projects that landing onto bare solder-side substrate without an annulus or continuation
seed-solder-D96-8,ref/photos/juku-pcb-2/PXL_20260710_200506061.jpg,624.200,2131.600,D96,8,D96_Q2_N_TEST_LANDING,local-package-fit,accepted,codex-photo-review,Pin identity comes from the validated D96 fit; independent D99-local cross-side projection proves the circular endpoint is one-sided rather than a via; isolation from an unregistered E12 post is not established
seed-component-D96-9,ref/photos/juku-pcb-2/PXL_20260710_200402344.jpg,3307.000,2340.000,D96,9,,local-package-fit,measurement,codex-photo-review,Validated D96 fit identifies physical pin9; projecting the full 14-contact package through the registered component panorama aligns both rows and the notch with the same КМ555ТМ2 beside D99; local component package fit establishes pad identity only; no electrical path accepted
seed-solder-D96-9,ref/photos/juku-pcb-2/PXL_20260710_200506061.jpg,624.600,2085.800,D96,9,,local-package-fit,measurement,codex-photo-review,"Validated reflected D96 fit identifies the physical solder joint, distinct from the adjacent open vias; local solder package fit establishes pad identity only; no electrical path accepted"
seed-component-D97-1,ref/photos/juku-pcb-2/PXL_20260710_200418174.jpg,2579.000,1599.000,D97,1,,local-package-fit,measurement,codex-photo-review,Validated D97 component fit identifies the first К155АГ3 right of D101 and replaces the displaced generated landing; local component package fit establishes pad identity only; no electrical path accepted
seed-solder-D97-1,ref/photos/juku-pcb-2/PXL_20260710_200522685.jpg,1615.000,1097.000,D97,1,,local-package-fit,measurement,codex-photo-review,"Validated D97 solder fit identifies the physical joint in the middle backside package, one package right of D102; local solder package fit establishes pad identity only; no electrical path accepted"
seed-component-D97-10,ref/photos/juku-pcb-2/PXL_20260710_200418174.jpg,2913.286,1427.571,D97,10,,local-package-fit,measurement,codex-photo-review,Validated D97 component fit identifies the first К155АГ3 right of D101 and replaces the displaced generated landing; local component package fit establishes pad identity only; no electrical path accepted
seed-solder-D97-10,ref/photos/juku-pcb-2/PXL_20260710_200522685.jpg,1283.286,1262.857,D97,10,,local-package-fit,measurement,codex-photo-review,"Validated D97 solder fit identifies the physical joint in the middle backside package, one package right of D102; local solder package fit establishes pad identity only; no electrical path accepted"
seed-component-D97-11,ref/photos/juku-pcb-2/PXL_20260710_200418174.jpg,2857.286,1428.143,D97,11,,local-package-fit,measurement,codex-photo-review,Validated D97 component fit identifies the first К155АГ3 right of D101 and replaces the displaced generated landing; local component package fit establishes pad identity only; no electrical path accepted
seed-solder-D97-11,ref/photos/juku-pcb-2/PXL_20260710_200522685.jpg,1338.571,1262.857,D97,11,,local-package-fit,measurement,codex-photo-review,"Validated D97 solder fit identifies the physical joint in the middle backside package, one package right of D102; local solder package fit establishes pad identity only; no electrical path accepted"
seed-component-D97-12,ref/photos/juku-pcb-2/PXL_20260710_200418174.jpg,2801.286,1428.714,D97,12,,local-package-fit,measurement,codex-photo-review,Validated D97 component fit identifies the first К155АГ3 right of D101 and replaces the displaced generated landing; local component package fit establishes pad identity only; no electrical path accepted
seed-solder-D97-12,ref/photos/juku-pcb-2/PXL_20260710_200522685.jpg,1393.857,1262.857,D97,12,,local-package-fit,measurement,codex-photo-review,"Validated D97 solder fit identifies the physical joint in the middle backside package, one package right of D102; local solder package fit establishes pad identity only; no electrical path accepted"
seed-component-D97-13,ref/photos/juku-pcb-2/PXL_20260710_200418174.jpg,2745.286,1429.286,D97,13,,local-package-fit,measurement,codex-photo-review,Validated D97 component fit identifies the first К155АГ3 right of D101 and replaces the displaced generated landing; local component package fit establishes pad identity only; no electrical path accepted
seed-solder-D97-13,ref/photos/juku-pcb-2/PXL_20260710_200522685.jpg,1449.143,1262.857,D97,13,,local-package-fit,measurement,codex-photo-review,"Validated D97 solder fit identifies the physical joint in the middle backside package, one package right of D102; local solder package fit establishes pad identity only; no electrical path accepted"
seed-component-D97-14,ref/photos/juku-pcb-2/PXL_20260710_200418174.jpg,2689.286,1429.857,D97,14,,local-package-fit,measurement,codex-photo-review,Validated D97 component fit identifies the first К155АГ3 right of D101 and replaces the displaced generated landing; local component package fit establishes pad identity only; no electrical path accepted
seed-solder-D97-14,ref/photos/juku-pcb-2/PXL_20260710_200522685.jpg,1504.429,1262.857,D97,14,,local-package-fit,measurement,codex-photo-review,"Validated D97 solder fit identifies the physical joint in the middle backside package, one package right of D102; local solder package fit establishes pad identity only; no electrical path accepted"
seed-component-D97-15,ref/photos/juku-pcb-2/PXL_20260710_200418174.jpg,2633.286,1430.429,D97,15,,local-package-fit,measurement,codex-photo-review,Validated D97 component fit identifies the first К155АГ3 right of D101 and replaces the displaced generated landing; local component package fit establishes pad identity only; no electrical path accepted
seed-solder-D97-15,ref/photos/juku-pcb-2/PXL_20260710_200522685.jpg,1559.714,1262.857,D97,15,,local-package-fit,measurement,codex-photo-review,"Validated D97 solder fit identifies the physical joint in the middle backside package, one package right of D102; local solder package fit establishes pad identity only; no electrical path accepted"
seed-component-D97-2,ref/photos/juku-pcb-2/PXL_20260710_200418174.jpg,2635.000,1598.429,D97,2,,local-package-fit,measurement,codex-photo-review,Validated D97 component fit identifies the first К155АГ3 right of D101 and replaces the displaced generated landing; local component package fit establishes pad identity only; no electrical path accepted
seed-solder-D97-2,ref/photos/juku-pcb-2/PXL_20260710_200522685.jpg,1559.714,1097.000,D97,2,,local-package-fit,measurement,codex-photo-review,"Validated D97 solder fit identifies the physical joint in the middle backside package, one package right of D102; local solder package fit establishes pad identity only; no electrical path accepted"
seed-component-D97-3,ref/photos/juku-pcb-2/PXL_20260710_200418174.jpg,2691.000,1597.857,D97,3,,local-package-fit,measurement,codex-photo-review,Validated D97 component fit identifies the first К155АГ3 right of D101 and replaces the displaced generated landing; local component package fit establishes pad identity only; no electrical path accepted
seed-solder-D97-3,ref/photos/juku-pcb-2/PXL_20260710_200522685.jpg,1504.429,1097.000,D97,3,,local-package-fit,measurement,codex-photo-review,"Validated D97 solder fit identifies the physical joint in the middle backside package, one package right of D102; local solder package fit establishes pad identity only; no electrical path accepted"
seed-component-D97-4,ref/photos/juku-pcb-2/PXL_20260710_200418174.jpg,2747.000,1597.286,D97,4,,local-package-fit,measurement,codex-photo-review,Validated D97 component fit identifies the first К155АГ3 right of D101 and replaces the displaced generated landing; local component package fit establishes pad identity only; no electrical path accepted
seed-solder-D97-4,ref/photos/juku-pcb-2/PXL_20260710_200522685.jpg,1449.143,1097.000,D97,4,,local-package-fit,measurement,codex-photo-review,"Validated D97 solder fit identifies the physical joint in the middle backside package, one package right of D102; local solder package fit establishes pad identity only; no electrical path accepted"
seed-component-D97-5,ref/photos/juku-pcb-2/PXL_20260710_200418174.jpg,2803.000,1596.714,D97,5,,local-package-fit,measurement,codex-photo-review,Validated D97 component fit identifies the first К155АГ3 right of D101 and replaces the displaced generated landing; local component package fit establishes pad identity only; no electrical path accepted
seed-solder-D97-5,ref/photos/juku-pcb-2/PXL_20260710_200522685.jpg,1393.857,1097.000,D97,5,,local-package-fit,measurement,codex-photo-review,"Validated D97 solder fit identifies the physical joint in the middle backside package, one package right of D102; local solder package fit establishes pad identity only; no electrical path accepted"
seed-component-D97-6,ref/photos/juku-pcb-2/PXL_20260710_200418174.jpg,2859.000,1596.143,D97,6,,local-package-fit,measurement,codex-photo-review,Validated D97 component fit identifies the first К155АГ3 right of D101 and replaces the displaced generated landing; local component package fit establishes pad identity only; no electrical path accepted
seed-solder-D97-6,ref/photos/juku-pcb-2/PXL_20260710_200522685.jpg,1338.571,1097.000,D97,6,,local-package-fit,measurement,codex-photo-review,"Validated D97 solder fit identifies the physical joint in the middle backside package, one package right of D102; local solder package fit establishes pad identity only; no electrical path accepted"
seed-component-D97-7,ref/photos/juku-pcb-2/PXL_20260710_200418174.jpg,2915.000,1595.571,D97,7,,local-package-fit,measurement,codex-photo-review,Validated D97 component fit identifies the first К155АГ3 right of D101 and replaces the displaced generated landing; local component package fit establishes pad identity only; no electrical path accepted
seed-solder-D97-7,ref/photos/juku-pcb-2/PXL_20260710_200522685.jpg,1283.286,1097.000,D97,7,,local-package-fit,measurement,codex-photo-review,"Validated D97 solder fit identifies the physical joint in the middle backside package, one package right of D102; local solder package fit establishes pad identity only; no electrical path accepted"
seed-component-D97-9,ref/photos/juku-pcb-2/PXL_20260710_200418174.jpg,2969.286,1427.000,D97,9,,local-package-fit,measurement,codex-photo-review,Validated D97 component fit identifies the first К155АГ3 right of D101 and replaces the displaced generated landing; local component package fit establishes pad identity only; no electrical path accepted
seed-solder-D97-9,ref/photos/juku-pcb-2/PXL_20260710_200522685.jpg,1228.000,1262.857,D97,9,,local-package-fit,measurement,codex-photo-review,"Validated D97 solder fit identifies the physical joint in the middle backside package, one package right of D102; local solder package fit establishes pad identity only; no electrical path accepted"
seed-component-D98-1,ref/photos/juku-pcb-2/PXL_20260710_200402344.jpg,2914.400,1545.000,D98,1,,local-package-fit,measurement,codex-photo-review,Validated D98 component fit identifies the physical package contact; wires or the package body still obscure the remote fanout; local component package fit establishes pad identity only; no electrical path accepted
seed-solder-D98-1,ref/photos/juku-pcb-2/PXL_20260710_200506061.jpg,981.000,1305.000,D98,1,,local-package-fit,measurement,codex-photo-review,Validated affine D98 fit identifies the physical solder joint on the complete 2x8 package rows; local solder package fit establishes pad identity only; no electrical path accepted
seed-component-D98-10,ref/photos/juku-pcb-2/PXL_20260710_200402344.jpg,3248.000,1378.200,D98,10,,local-package-fit,measurement,codex-photo-review,Validated D98 component fit identifies the physical package contact; wires or the package body still obscure the remote fanout; local component package fit establishes pad identity only; no electrical path accepted
seed-solder-D98-10,ref/photos/juku-pcb-2/PXL_20260710_200506061.jpg,697.286,1161.143,D98,10,,local-package-fit,measurement,codex-photo-review,Validated affine D98 fit identifies the physical solder joint on the complete 2x8 package rows; local solder package fit establishes pad identity only; no electrical path accepted
seed-component-D98-11,ref/photos/juku-pcb-2/PXL_20260710_200402344.jpg,3192.400,1378.200,D98,11,,local-package-fit,measurement,codex-photo-review,Validated D98 component fit identifies the physical package contact; wires or the package body still obscure the remote fanout; local component package fit establishes pad identity only; no electrical path accepted
seed-solder-D98-11,ref/photos/juku-pcb-2/PXL_20260710_200506061.jpg,744.571,1161.286,D98,11,,local-package-fit,measurement,codex-photo-review,Validated affine D98 fit identifies the physical solder joint on the complete 2x8 package rows; local solder package fit establishes pad identity only; no electrical path accepted
seed-component-D98-12,ref/photos/juku-pcb-2/PXL_20260710_200402344.jpg,3136.800,1378.200,D98,12,,local-package-fit,measurement,codex-photo-review,Validated D98 component fit identifies the physical package contact; wires or the package body still obscure the remote fanout; local component package fit establishes pad identity only; no electrical path accepted
seed-solder-D98-12,ref/photos/juku-pcb-2/PXL_20260710_200506061.jpg,791.857,1161.429,D98,12,,local-package-fit,measurement,codex-photo-review,Validated affine D98 fit identifies the physical solder joint on the complete 2x8 package rows; local solder package fit establishes pad identity only; no electrical path accepted
seed-component-D98-13,ref/photos/juku-pcb-2/PXL_20260710_200402344.jpg,3081.200,1378.200,D98,13,,local-package-fit,measurement,codex-photo-review,Validated D98 component fit identifies the physical package contact; wires or the package body still obscure the remote fanout; local component package fit establishes pad identity only; no electrical path accepted
seed-solder-D98-13,ref/photos/juku-pcb-2/PXL_20260710_200506061.jpg,839.143,1161.571,D98,13,,local-package-fit,measurement,codex-photo-review,Validated affine D98 fit identifies the physical solder joint on the complete 2x8 package rows; local solder package fit establishes pad identity only; no electrical path accepted
seed-component-D98-14,ref/photos/juku-pcb-2/PXL_20260710_200402344.jpg,3025.600,1378.200,D98,14,,local-package-fit,measurement,codex-photo-review,Validated D98 component fit identifies the physical package contact; wires or the package body still obscure the remote fanout; local component package fit establishes pad identity only; no electrical path accepted
seed-solder-D98-14,ref/photos/juku-pcb-2/PXL_20260710_200506061.jpg,886.429,1161.714,D98,14,,local-package-fit,measurement,codex-photo-review,Validated affine D98 fit identifies the physical solder joint on the complete 2x8 package rows; local solder package fit establishes pad identity only; no electrical path accepted
seed-component-D98-15,ref/photos/juku-pcb-2/PXL_20260710_200402344.jpg,2970.000,1378.200,D98,15,,local-package-fit,measurement,codex-photo-review,Validated D98 component fit identifies the physical package contact; wires or the package body still obscure the remote fanout; local component package fit establishes pad identity only; no electrical path accepted
seed-solder-D98-15,ref/photos/juku-pcb-2/PXL_20260710_200506061.jpg,933.714,1161.857,D98,15,,local-package-fit,measurement,codex-photo-review,Validated affine D98 fit identifies the physical solder joint on the complete 2x8 package rows; local solder package fit establishes pad identity only; no electrical path accepted
seed-component-D98-2,ref/photos/juku-pcb-2/PXL_20260710_200402344.jpg,2970.000,1545.000,D98,2,,local-package-fit,measurement,codex-photo-review,Validated D98 component fit identifies the physical package contact; wires or the package body still obscure the remote fanout; local component package fit establishes pad identity only; no electrical path accepted
seed-solder-D98-2,ref/photos/juku-pcb-2/PXL_20260710_200506061.jpg,933.714,1304.857,D98,2,,local-package-fit,measurement,codex-photo-review,Validated affine D98 fit identifies the physical solder joint on the complete 2x8 package rows; local solder package fit establishes pad identity only; no electrical path accepted
seed-component-D98-3,ref/photos/juku-pcb-2/PXL_20260710_200402344.jpg,3025.600,1545.000,D98,3,D98_Y1_D28_READY,local-package-fit,measurement,codex-photo-review,Registered D98.3 contact remains valid; owner inspection 2026-07-20 retracts the former R94 assignment. Exact sheet 3 independently closes D98.3 to D28.5.
seed-solder-D98-3,ref/photos/juku-pcb-2/PXL_20260710_200506061.jpg,886.429,1304.714,D98,3,D98_Y1_D28_READY,local-package-fit,measurement,codex-photo-review,Affine package-local fit identifies D98.3; former R94 branch is superseded and the nearby 220-ohm body remains unassigned.
seed-component-D98-4,ref/photos/juku-pcb-2/PXL_20260710_200402344.jpg,3081.200,1545.000,D98,4,,local-package-fit,measurement,codex-photo-review,Validated D98 component fit identifies the physical package contact; wires or the package body still obscure the remote fanout; local component package fit establishes pad identity only; no electrical path accepted
seed-solder-D98-4,ref/photos/juku-pcb-2/PXL_20260710_200506061.jpg,839.143,1304.571,D98,4,,local-package-fit,measurement,codex-photo-review,Validated affine D98 fit identifies the physical solder joint on the complete 2x8 package rows; local solder package fit establishes pad identity only; no electrical path accepted
seed-component-D98-5,ref/photos/juku-pcb-2/PXL_20260710_200402344.jpg,3136.800,1545.000,D98,5,,local-package-fit,measurement,codex-photo-review,Validated D98 component fit identifies the physical package contact; wires or the package body still obscure the remote fanout; local component package fit establishes pad identity only; no electrical path accepted
seed-solder-D98-5,ref/photos/juku-pcb-2/PXL_20260710_200506061.jpg,791.857,1304.429,D98,5,,local-package-fit,measurement,codex-photo-review,Validated affine D98 fit identifies the physical solder joint on the complete 2x8 package rows; local solder package fit establishes pad identity only; no electrical path accepted
seed-component-D98-6,ref/photos/juku-pcb-2/PXL_20260710_200402344.jpg,3192.400,1545.000,D98,6,,local-package-fit,measurement,codex-photo-review,Validated D98 component fit identifies the physical package contact; wires or the package body still obscure the remote fanout; local component package fit establishes pad identity only; no electrical path accepted
seed-solder-D98-6,ref/photos/juku-pcb-2/PXL_20260710_200506061.jpg,744.571,1304.286,D98,6,,local-package-fit,measurement,codex-photo-review,Validated affine D98 fit identifies the physical solder joint on the complete 2x8 package rows; local solder package fit establishes pad identity only; no electrical path accepted
seed-component-D98-7,ref/photos/juku-pcb-2/PXL_20260710_200402344.jpg,3248.000,1545.000,D98,7,D98_Y3_S1_2,local-package-fit,accepted,codex-photo-review,Validated package-local contact carries the visible white wire-18 lead; sheets 2-5 independently identify А:18 to S1:2. Matching solder fit shows no PCB-copper departure from D98.7.
seed-solder-D98-7,ref/photos/juku-pcb-2/PXL_20260710_200506061.jpg,697.286,1304.143,D98,7,D98_Y3_S1_2,local-package-fit,accepted,codex-photo-review,Affine package-local fit identifies the matching D98.7 joint; no solder-side copper departs the pad. Component evidence and the factory wire table close the only external path through А:18 to S1:2.
seed-component-D98-9,ref/photos/juku-pcb-2/PXL_20260710_200402344.jpg,3303.600,1378.200,D98,9,,local-package-fit,measurement,codex-photo-review,Validated D98 component fit identifies the physical package contact; wires or the package body still obscure the remote fanout; local component package fit establishes pad identity only; no electrical path accepted
seed-solder-D98-9,ref/photos/juku-pcb-2/PXL_20260710_200506061.jpg,650.000,1161.000,D98,9,,local-package-fit,measurement,codex-photo-review,Validated affine D98 fit identifies the physical solder joint on the complete 2x8 package rows; local solder package fit establishes pad identity only; no electrical path accepted
seed-component-D99-1,ref/photos/juku-pcb-2/PXL_20260710_200418174.jpg,3242.857,1059.000,D99,1,,local-package-fit,measurement,codex-photo-review,Validated D99 component fit identifies the cable-crossed notch-right К155АГ3 package beside D95 and replaces the displaced projection; local component package fit establishes pad identity only; no electrical path accepted
seed-solder-D99-1,ref/photos/juku-pcb-2/PXL_20260710_200522685.jpg,960.143,900.571,D99,1,,local-package-fit,measurement,codex-photo-review,"Validated D99 solder fit identifies the physical joint in the left backside package, before D95; local solder package fit establishes pad identity only; no electrical path accepted"
seed-component-D99-10,ref/photos/juku-pcb-2/PXL_20260710_200418174.jpg,2909.000,1231.286,D99,10,,local-package-fit,measurement,codex-photo-review,Validated D99 component fit identifies the cable-crossed notch-right К155АГ3 package beside D95 and replaces the displaced projection; local component package fit establishes pad identity only; no electrical path accepted
seed-solder-D99-10,ref/photos/juku-pcb-2/PXL_20260710_200522685.jpg,1290.143,737.714,D99,10,,local-package-fit,measurement,codex-photo-review,"Validated D99 solder fit identifies the physical joint in the left backside package, before D95; local solder package fit establishes pad identity only; no electrical path accepted"
seed-component-D99-11,ref/photos/juku-pcb-2/PXL_20260710_200418174.jpg,2965.000,1230.571,D99,11,,local-package-fit,measurement,codex-photo-review,Validated D99 component fit identifies the cable-crossed notch-right К155АГ3 package beside D95 and replaces the displaced projection; local component package fit establishes pad identity only; no electrical path accepted
seed-solder-D99-11,ref/photos/juku-pcb-2/PXL_20260710_200522685.jpg,1235.286,737.429,D99,11,,local-package-fit,measurement,codex-photo-review,"Validated D99 solder fit identifies the physical joint in the left backside package, before D95; local solder package fit establishes pad identity only; no electrical path accepted"
seed-component-D99-12,ref/photos/juku-pcb-2/PXL_20260710_200418174.jpg,3021.000,1229.857,D99,12,,local-package-fit,measurement,codex-photo-review,Validated D99 component fit identifies the cable-crossed notch-right К155АГ3 package beside D95 and replaces the displaced projection; local component package fit establishes pad identity only; no electrical path accepted
seed-solder-D99-12,ref/photos/juku-pcb-2/PXL_20260710_200522685.jpg,1180.429,737.143,D99,12,,local-package-fit,measurement,codex-photo-review,"Validated D99 solder fit identifies the physical joint in the left backside package, before D95; local solder package fit establishes pad identity only; no electrical path accepted"
seed-component-D99-13,ref/photos/juku-pcb-2/PXL_20260710_200418174.jpg,3077.000,1229.143,D99,13,,local-package-fit,measurement,codex-photo-review,Validated D99 component fit identifies section-1 Q/pin13; it cannot be the live FDC clock source because direct copper holds section-1 CLR_N low; local component package fit establishes pad identity only; no electrical path accepted
seed-solder-D99-13,ref/photos/juku-pcb-2/PXL_20260710_200522685.jpg,1125.571,736.857,D99,13,,local-package-fit,measurement,codex-photo-review,Validated D99 backside fit identifies Q/pin13; the raw tile shows a capped joint with no same-layer departure and disproves the former D93.24 panorama chase; local solder package fit establishes pad identity only; no electrical path accepted
seed-component-D99-14,ref/photos/juku-pcb-2/PXL_20260710_200418174.jpg,3133.000,1228.429,D99,14,,local-package-fit,measurement,codex-photo-review,Validated D99 component fit identifies the cable-crossed notch-right К155АГ3 package beside D95 and replaces the displaced projection; local component package fit establishes pad identity only; no electrical path accepted
seed-solder-D99-14,ref/photos/juku-pcb-2/PXL_20260710_200522685.jpg,1070.714,736.571,D99,14,,local-package-fit,measurement,codex-photo-review,"Validated D99 solder fit identifies the physical joint in the left backside package, before D95; local solder package fit establishes pad identity only; no electrical path accepted"
seed-component-D99-15,ref/photos/juku-pcb-2/PXL_20260710_200418174.jpg,3189.000,1227.714,D99,15,,local-package-fit,measurement,codex-photo-review,Validated D99 component fit identifies the cable-crossed notch-right К155АГ3 package beside D95 and replaces the displaced projection; local component package fit establishes pad identity only; no electrical path accepted
seed-solder-D99-15,ref/photos/juku-pcb-2/PXL_20260710_200522685.jpg,1015.857,736.286,D99,15,,local-package-fit,measurement,codex-photo-review,"Validated D99 solder fit identifies the physical joint in the left backside package, before D95; local solder package fit establishes pad identity only; no electrical path accepted"
seed-component-D99-2,ref/photos/juku-pcb-2/PXL_20260710_200418174.jpg,3186.857,1059.714,D99,2,D99_B_TEST_LANDING,local-package-fit,accepted,codex-photo-review,Validated D99 fit identifies B/pin2; its vertical component trace reaches a circular landing whose D99-local cross-side projection is bare solder-side substrate without an annulus or continuation
seed-solder-D99-2,ref/photos/juku-pcb-2/PXL_20260710_200522685.jpg,1015.000,900.857,D99,2,D99_B_TEST_LANDING,local-package-fit,accepted,codex-photo-review,Matching D99 package joint; independent D99-local cross-side projection proves the remote circular endpoint is a one-sided component test landing rather than a via
seed-component-D99-3,ref/photos/juku-pcb-2/PXL_20260710_200418174.jpg,3130.857,1060.429,D99,3,GND,local-package-fit,accepted,codex-photo-review,Validated D99 fit identifies CLR_N/pin3; full-package cross-photo registration identifies the adjacent КМ555ТМ2 as D96 and uninterrupted component copper reaches D96.7 GND
seed-solder-D99-3,ref/photos/juku-pcb-2/PXL_20260710_200522685.jpg,1069.857,901.143,D99,3,GND,local-package-fit,accepted,codex-photo-review,Matching D99 solder joint for the component-proved D99.3 CLR_N to D96.7 GND connection
seed-component-D99-4,ref/photos/juku-pcb-2/PXL_20260710_200418174.jpg,3074.857,1061.143,D99,4,,local-package-fit,measurement,codex-photo-review,Validated D99 component fit identifies the cable-crossed notch-right К155АГ3 package beside D95 and replaces the displaced projection; local component package fit establishes pad identity only; no electrical path accepted
seed-solder-D99-4,ref/photos/juku-pcb-2/PXL_20260710_200522685.jpg,1124.714,901.429,D99,4,D99_Q1N_BOUNDARY,local-package-fit,measurement,codex-photo-review,Exact sheet-3 overview puts D99.4 on the rail above D94.14-D101.7 and traces it to D93.23 HLT; registered solder landing has no visible B.Cu departure and the component-side path is obscured; confirm physical continuity.
seed-component-D99-5,ref/photos/juku-pcb-2/PXL_20260710_200418174.jpg,3018.857,1061.857,D99,5,,local-package-fit,measurement,codex-photo-review,Validated D99 component fit identifies the cable-crossed notch-right К155АГ3 package beside D95 and replaces the displaced projection; local component package fit establishes pad identity only; no electrical path accepted
seed-solder-D99-5,ref/photos/juku-pcb-2/PXL_20260710_200522685.jpg,1179.571,901.714,D99,5,,local-package-fit,measurement,codex-photo-review,"Validated D99 solder fit identifies the physical joint in the left backside package, before D95; local solder package fit establishes pad identity only; no electrical path accepted"
seed-component-D99-6,ref/photos/juku-pcb-2/PXL_20260710_200418174.jpg,2962.857,1062.571,D99,6,,local-package-fit,measurement,codex-photo-review,Validated D99 component fit identifies the cable-crossed notch-right К155АГ3 package beside D95 and replaces the displaced projection; local component package fit establishes pad identity only; no electrical path accepted
seed-solder-D99-6,ref/photos/juku-pcb-2/PXL_20260710_200522685.jpg,1234.429,902.000,D99,6,,local-package-fit,measurement,codex-photo-review,"Validated D99 solder fit identifies the physical joint in the left backside package, before D95; local solder package fit establishes pad identity only; no electrical path accepted"
seed-component-D99-7,ref/photos/juku-pcb-2/PXL_20260710_200418174.jpg,2906.857,1063.286,D99,7,,local-package-fit,measurement,codex-photo-review,Validated D99 component fit identifies the cable-crossed notch-right К155АГ3 package beside D95 and replaces the displaced projection; local component package fit establishes pad identity only; no electrical path accepted
seed-solder-D99-7,ref/photos/juku-pcb-2/PXL_20260710_200522685.jpg,1289.286,902.286,D99,7,,local-package-fit,measurement,codex-photo-review,"Validated D99 solder fit identifies the physical joint in the left backside package, before D95; local solder package fit establishes pad identity only; no electrical path accepted"
seed-component-D99-9,ref/photos/juku-pcb-2/PXL_20260710_200418174.jpg,2853.000,1232.000,D99,9,,local-package-fit,measurement,codex-photo-review,Validated D99 component fit identifies the cable-crossed notch-right К155АГ3 package beside D95 and replaces the displaced projection; local component package fit establishes pad identity only; no electrical path accepted
seed-solder-D99-9,ref/photos/juku-pcb-2/PXL_20260710_200522685.jpg,1345.000,738.000,D99,9,,local-package-fit,measurement,codex-photo-review,"Validated D99 solder fit identifies the physical joint in the left backside package, before D95; local solder package fit establishes pad identity only; no electrical path accepted"
seed-component-D101-1,ref/photos/juku-pcb-2/PXL_20260710_200418174.jpg,2445.562,1430.633,D101,1,,local-package-fit,measurement,codex-photo-review,Validated D101 component fit identifies the distinct 8812-marked К555КП12 package contact and replaces the displaced projection; local component package fit establishes pad identity only; no electrical path accepted
seed-solder-D101-1,ref/photos/juku-pcb-2/PXL_20260710_200522685.jpg,1790.429,1261.143,D101,1,,local-package-fit,measurement,codex-photo-review,Validated D101 solder fit identifies the physical joint in the rightmost backside package after D102 and D97; local solder package fit establishes pad identity only; no electrical path accepted
seed-component-D101-10,ref/photos/juku-pcb-2/PXL_20260710_200418174.jpg,2114.655,1599.601,D101,10,,local-package-fit,measurement,codex-photo-review,Validated D101 component fit identifies the distinct 8812-marked К555КП12 package contact and replaces the displaced projection; local component package fit establishes pad identity only; no electrical path accepted
seed-solder-D101-10,ref/photos/juku-pcb-2/PXL_20260710_200522685.jpg,2112.286,1099.143,D101,10,,local-package-fit,measurement,codex-photo-review,Validated D101 solder fit identifies the physical joint in the rightmost backside package after D102 and D97; local solder package fit establishes pad identity only; no electrical path accepted
seed-component-D101-11,ref/photos/juku-pcb-2/PXL_20260710_200418174.jpg,2170.040,1599.133,D101,11,,local-package-fit,measurement,codex-photo-review,Validated D101 component fit identifies the distinct 8812-marked К555КП12 package contact and replaces the displaced projection; local component package fit establishes pad identity only; no electrical path accepted
seed-solder-D101-11,ref/photos/juku-pcb-2/PXL_20260710_200522685.jpg,2058.571,1099.286,D101,11,,local-package-fit,measurement,codex-photo-review,Validated D101 solder fit identifies the physical joint in the rightmost backside package after D102 and D97; local solder package fit establishes pad identity only; no electrical path accepted
seed-component-D101-12,ref/photos/juku-pcb-2/PXL_20260710_200418174.jpg,2225.426,1598.664,D101,12,,local-package-fit,measurement,codex-photo-review,Validated D101 component fit identifies the distinct 8812-marked К555КП12 package contact and replaces the displaced projection; local component package fit establishes pad identity only; no electrical path accepted
seed-solder-D101-12,ref/photos/juku-pcb-2/PXL_20260710_200522685.jpg,2004.857,1099.429,D101,12,,local-package-fit,measurement,codex-photo-review,Validated D101 solder fit identifies the physical joint in the rightmost backside package after D102 and D97; local solder package fit establishes pad identity only; no electrical path accepted
seed-component-D101-13,ref/photos/juku-pcb-2/PXL_20260710_200418174.jpg,2280.811,1598.196,D101,13,,local-package-fit,measurement,codex-photo-review,Validated D101 component fit identifies the distinct 8812-marked К555КП12 package contact and replaces the displaced projection; local component package fit establishes pad identity only; no electrical path accepted
seed-solder-D101-13,ref/photos/juku-pcb-2/PXL_20260710_200522685.jpg,1951.143,1099.571,D101,13,,local-package-fit,measurement,codex-photo-review,Validated D101 solder fit identifies the physical joint in the rightmost backside package after D102 and D97; local solder package fit establishes pad identity only; no electrical path accepted
seed-component-D101-14,ref/photos/juku-pcb-2/PXL_20260710_200418174.jpg,2336.197,1597.727,D101,14,,local-package-fit,measurement,codex-photo-review,Validated D101 component fit identifies the distinct 8812-marked К555КП12 package contact and replaces the displaced projection; local component package fit establishes pad identity only; no electrical path accepted
seed-solder-D101-14,ref/photos/juku-pcb-2/PXL_20260710_200522685.jpg,1897.429,1099.714,D101,14,,local-package-fit,measurement,codex-photo-review,Validated D101 solder fit identifies the physical joint in the rightmost backside package after D102 and D97; local solder package fit establishes pad identity only; no electrical path accepted
seed-component-D101-15,ref/photos/juku-pcb-2/PXL_20260710_200418174.jpg,2391.582,1597.259,D101,15,,local-package-fit,measurement,codex-photo-review,Validated D101 component fit identifies the distinct 8812-marked К555КП12 package contact and replaces the displaced projection; local component package fit establishes pad identity only; no electrical path accepted
seed-solder-D101-15,ref/photos/juku-pcb-2/PXL_20260710_200522685.jpg,1843.714,1099.857,D101,15,,local-package-fit,measurement,codex-photo-review,Validated D101 solder fit identifies the physical joint in the rightmost backside package after D102 and D97; local solder package fit establishes pad identity only; no electrical path accepted
seed-component-D101-2,ref/photos/juku-pcb-2/PXL_20260710_200418174.jpg,2390.177,1431.102,D101,2,,local-package-fit,measurement,codex-photo-review,Validated D101 component fit identifies the distinct 8812-marked К555КП12 package contact and replaces the displaced projection; local component package fit establishes pad identity only; no electrical path accepted
seed-solder-D101-2,ref/photos/juku-pcb-2/PXL_20260710_200522685.jpg,1844.143,1261.000,D101,2,,local-package-fit,measurement,codex-photo-review,Validated D101 solder fit identifies the physical joint in the rightmost backside package after D102 and D97; local solder package fit establishes pad identity only; no electrical path accepted
seed-component-D101-3,ref/photos/juku-pcb-2/PXL_20260710_200418174.jpg,2334.791,1431.570,D101,3,,local-package-fit,measurement,codex-photo-review,Validated D101 component fit identifies the distinct 8812-marked К555КП12 package contact and replaces the displaced projection; local component package fit establishes pad identity only; no electrical path accepted
seed-solder-D101-3,ref/photos/juku-pcb-2/PXL_20260710_200522685.jpg,1897.857,1260.857,D101,3,,local-package-fit,measurement,codex-photo-review,Validated D101 solder fit identifies the physical joint in the rightmost backside package after D102 and D97; local solder package fit establishes pad identity only; no electrical path accepted
seed-component-D101-4,ref/photos/juku-pcb-2/PXL_20260710_200418174.jpg,2279.406,1432.039,D101,4,D101_D02_R92_R99,local-package-fit,accepted,codex-photo-review,Validated D101 component fit identifies pin4; uninterrupted component copper reaches the factory-identified R99.2 and R92.1 junction
kp12-component-R92-1,ref/photos/juku-pcb-2/PXL_20260710_200418174.jpg,2341.000,1317.000,R92,1,D101_D02_R92_R99,registration+unique-hole-snap,accepted,codex-photo-review,Factory identity and unique component landing fix R92.1; uninterrupted copper joins R99.2 and D101.4
kp12-component-R92-2,ref/photos/juku-pcb-2/PXL_20260710_200418174.jpg,2564.000,1314.000,R92,2,FDC_DDEN,registration+unique-hole-snap,accepted,codex-photo-review,Factory identity and unique component landing fix R92.2; uninterrupted copper joins D95.14 on the sheet-identified FM/MFM node
kp12-component-R99-1,ref/photos/juku-pcb-2/PXL_20260710_200418174.jpg,2064.000,1370.000,R99,1,GND,registration+unique-hole-snap,accepted,codex-photo-review,Factory identity and unique component landing fix R99.1; uninterrupted copper joins D101.8 GND
kp12-component-R99-2,ref/photos/juku-pcb-2/PXL_20260710_200418174.jpg,2287.000,1367.000,R99,2,D101_D02_R92_R99,registration+unique-hole-snap,accepted,codex-photo-review,Factory identity and unique component landing fix R99.2; uninterrupted copper joins R92.1 and D101.4
seed-solder-D101-4,ref/photos/juku-pcb-2/PXL_20260710_200522685.jpg,1951.571,1260.714,D101,4,,local-package-fit,measurement,codex-photo-review,Validated D101 solder fit identifies the physical joint in the rightmost backside package after D102 and D97; local solder package fit establishes pad identity only; no electrical path accepted
seed-component-D101-5,ref/photos/juku-pcb-2/PXL_20260710_200418174.jpg,2224.020,1432.508,D101,5,,local-package-fit,measurement,codex-photo-review,Validated D101 component fit identifies the distinct 8812-marked К555КП12 package contact and replaces the displaced projection; local component package fit establishes pad identity only; no electrical path accepted
seed-solder-D101-5,ref/photos/juku-pcb-2/PXL_20260710_200522685.jpg,2005.286,1260.571,D101,5,,local-package-fit,measurement,codex-photo-review,Validated D101 solder fit identifies the physical joint in the rightmost backside package after D102 and D97; local solder package fit establishes pad identity only; no electrical path accepted
seed-component-D101-6,ref/photos/juku-pcb-2/PXL_20260710_200418174.jpg,2168.634,1432.976,D101,6,,local-package-fit,measurement,codex-photo-review,Validated D101 component fit identifies the distinct 8812-marked К555КП12 package contact and replaces the displaced projection; local component package fit establishes pad identity only; no electrical path accepted
seed-solder-D101-6,ref/photos/juku-pcb-2/PXL_20260710_200522685.jpg,2059.000,1260.429,D101,6,,local-package-fit,measurement,codex-photo-review,Validated D101 solder fit identifies the physical joint in the rightmost backside package after D102 and D97; local solder package fit establishes pad identity only; no electrical path accepted
seed-component-D101-7,ref/photos/juku-pcb-2/PXL_20260710_200418174.jpg,2113.249,1433.445,D101,7,,local-package-fit,measurement,codex-photo-review,Validated D101 component fit identifies the distinct 8812-marked К555КП12 package contact and replaces the displaced projection; local component package fit establishes pad identity only; no electrical path accepted
seed-solder-D101-7,ref/photos/juku-pcb-2/PXL_20260710_200522685.jpg,2112.714,1260.286,D101,7,D94_A4_D101_Q0,local-package-fit,measurement,codex-photo-review,Registered D101.7 solder landing is distinct from D101.9 with no visible local B.Cu bridge; remote F.Cu path is unresolved.
seed-component-D101-9,ref/photos/juku-pcb-2/PXL_20260710_200418174.jpg,2059.269,1600.070,D101,9,,local-package-fit,measurement,codex-photo-review,Validated D101 component fit identifies the distinct 8812-marked К555КП12 package contact and replaces the displaced projection; local component package fit establishes pad identity only; no electrical path accepted
seed-solder-D101-9,ref/photos/juku-pcb-2/PXL_20260710_200522685.jpg,2166.000,1099.000,D101,9,FDC_PRECOMP_WRDATA,local-package-fit,measurement,codex-photo-review,Registered D101.9 solder landing is distinct from D101.7 with no visible local B.Cu bridge; exact .009 source zoom shows pin9 crosses pin7 without a dot; optional isolation meter check remains.
seed-component-D102-1,ref/photos/juku-pcb-2/PXL_20260710_200418174.jpg,3108.000,1595.000,D102,1,,local-package-fit,measurement,codex-photo-review,Validated D102 component fit identifies the cable-partly-obscured К155АГ3 package right of D97 and replaces the displaced projection; local component package fit establishes pad identity only; no electrical path accepted
seed-solder-D102-1,ref/photos/juku-pcb-2/PXL_20260710_200522685.jpg,1123.000,1095.000,D102,1,,local-package-fit,measurement,codex-photo-review,"Validated D102 solder fit identifies the physical joint in the board-edge package, leftmost in backside view; local solder package fit establishes pad identity only; no electrical path accepted"
seed-component-D102-10,ref/photos/juku-pcb-2/PXL_20260710_200418174.jpg,3441.000,1421.000,D102,10,,local-package-fit,measurement,codex-photo-review,Validated D102 component fit identifies the cable-partly-obscured К155АГ3 package right of D97 and replaces the displaced projection; local component package fit establishes pad identity only; no electrical path accepted
seed-solder-D102-10,ref/photos/juku-pcb-2/PXL_20260710_200522685.jpg,790.857,1257.857,D102,10,,local-package-fit,measurement,codex-photo-review,"Validated D102 solder fit identifies the physical joint in the board-edge package, leftmost in backside view; local solder package fit establishes pad identity only; no electrical path accepted"
seed-component-D102-11,ref/photos/juku-pcb-2/PXL_20260710_200418174.jpg,3385.000,1422.000,D102,11,,local-package-fit,measurement,codex-photo-review,Validated D102 component fit identifies the cable-partly-obscured К155АГ3 package right of D97 and replaces the displaced projection; local component package fit establishes pad identity only; no electrical path accepted
seed-solder-D102-11,ref/photos/juku-pcb-2/PXL_20260710_200522685.jpg,846.000,1258.286,D102,11,,local-package-fit,measurement,codex-photo-review,"Validated D102 solder fit identifies the physical joint in the board-edge package, leftmost in backside view; local solder package fit establishes pad identity only; no electrical path accepted"
seed-component-D102-12,ref/photos/juku-pcb-2/PXL_20260710_200418174.jpg,3329.000,1423.000,D102,12,,local-package-fit,measurement,codex-photo-review,Validated D102 component fit identifies the cable-partly-obscured К155АГ3 package right of D97 and replaces the displaced projection; local component package fit establishes pad identity only; no electrical path accepted
seed-solder-D102-12,ref/photos/juku-pcb-2/PXL_20260710_200522685.jpg,901.143,1258.714,D102,12,,local-package-fit,measurement,codex-photo-review,"Validated D102 solder fit identifies the physical joint in the board-edge package, leftmost in backside view; local solder package fit establishes pad identity only; no electrical path accepted"
seed-component-D102-13,ref/photos/juku-pcb-2/PXL_20260710_200418174.jpg,3273.000,1424.000,D102,13,,local-package-fit,measurement,codex-photo-review,Validated D102 component fit identifies the cable-partly-obscured К155АГ3 package right of D97 and replaces the displaced projection; local component package fit establishes pad identity only; no electrical path accepted
seed-solder-D102-13,ref/photos/juku-pcb-2/PXL_20260710_200522685.jpg,956.286,1259.143,D102,13,,local-package-fit,measurement,codex-photo-review,"Validated D102 solder fit identifies the physical joint in the board-edge package, leftmost in backside view; local solder package fit establishes pad identity only; no electrical path accepted"
seed-component-D102-14,ref/photos/juku-pcb-2/PXL_20260710_200418174.jpg,3217.000,1425.000,D102,14,,local-package-fit,measurement,codex-photo-review,Validated D102 component fit identifies the cable-partly-obscured К155АГ3 package right of D97 and replaces the displaced projection; local component package fit establishes pad identity only; no electrical path accepted
seed-solder-D102-14,ref/photos/juku-pcb-2/PXL_20260710_200522685.jpg,1011.429,1259.571,D102,14,,local-package-fit,measurement,codex-photo-review,"Validated D102 solder fit identifies the physical joint in the board-edge package, leftmost in backside view; local solder package fit establishes pad identity only; no electrical path accepted"
seed-component-D102-15,ref/photos/juku-pcb-2/PXL_20260710_200418174.jpg,3161.000,1426.000,D102,15,,local-package-fit,measurement,codex-photo-review,Validated D102 component fit identifies the cable-partly-obscured К155АГ3 package right of D97 and replaces the displaced projection; local component package fit establishes pad identity only; no electrical path accepted
seed-solder-D102-15,ref/photos/juku-pcb-2/PXL_20260710_200522685.jpg,1066.571,1260.000,D102,15,,local-package-fit,measurement,codex-photo-review,"Validated D102 solder fit identifies the physical joint in the board-edge package, leftmost in backside view; local solder package fit establishes pad identity only; no electrical path accepted"
seed-component-D102-2,ref/photos/juku-pcb-2/PXL_20260710_200418174.jpg,3164.000,1594.000,D102,2,,local-package-fit,measurement,codex-photo-review,Validated D102 component fit identifies the cable-partly-obscured К155АГ3 package right of D97 and replaces the displaced projection; local component package fit establishes pad identity only; no electrical path accepted
seed-solder-D102-2,ref/photos/juku-pcb-2/PXL_20260710_200522685.jpg,1067.857,1094.571,D102,2,,local-package-fit,measurement,codex-photo-review,"Validated D102 solder fit identifies the physical joint in the board-edge package, leftmost in backside view; local solder package fit establishes pad identity only; no electrical path accepted"
seed-component-D102-3,ref/photos/juku-pcb-2/PXL_20260710_200418174.jpg,3220.000,1593.000,D102,3,,local-package-fit,measurement,codex-photo-review,Validated D102 component fit identifies the cable-partly-obscured К155АГ3 package right of D97 and replaces the displaced projection; local component package fit establishes pad identity only; no electrical path accepted
seed-solder-D102-3,ref/photos/juku-pcb-2/PXL_20260710_200522685.jpg,1012.714,1094.143,D102,3,,local-package-fit,measurement,codex-photo-review,"Validated D102 solder fit identifies the physical joint in the board-edge package, leftmost in backside view; local solder package fit establishes pad identity only; no electrical path accepted"
seed-component-D102-4,ref/photos/juku-pcb-2/PXL_20260710_200418174.jpg,3276.000,1592.000,D102,4,,local-package-fit,measurement,codex-photo-review,Validated D102 component fit identifies the cable-partly-obscured К155АГ3 package right of D97 and replaces the displaced projection; local component package fit establishes pad identity only; no electrical path accepted
seed-solder-D102-4,ref/photos/juku-pcb-2/PXL_20260710_200522685.jpg,957.571,1093.714,D102,4,,local-package-fit,measurement,codex-photo-review,"Validated D102 solder fit identifies the physical joint in the board-edge package, leftmost in backside view; local solder package fit establishes pad identity only; no electrical path accepted"
seed-component-D102-5,ref/photos/juku-pcb-2/PXL_20260710_200418174.jpg,3332.000,1591.000,D102,5,,local-package-fit,measurement,codex-photo-review,Validated D102 component fit identifies the cable-partly-obscured К155АГ3 package right of D97 and replaces the displaced projection; local component package fit establishes pad identity only; no electrical path accepted
seed-solder-D102-5,ref/photos/juku-pcb-2/PXL_20260710_200522685.jpg,902.429,1093.286,D102,5,,local-package-fit,measurement,codex-photo-review,"Validated D102 solder fit identifies the physical joint in the board-edge package, leftmost in backside view; local solder package fit establishes pad identity only; no electrical path accepted"
seed-component-D102-6,ref/photos/juku-pcb-2/PXL_20260710_200418174.jpg,3388.000,1590.000,D102,6,,local-package-fit,measurement,codex-photo-review,Validated D102 component fit identifies the cable-partly-obscured К155АГ3 package right of D97 and replaces the displaced projection; local component package fit establishes pad identity only; no electrical path accepted
seed-solder-D102-6,ref/photos/juku-pcb-2/PXL_20260710_200522685.jpg,847.286,1092.857,D102,6,,local-package-fit,measurement,codex-photo-review,"Validated D102 solder fit identifies the physical joint in the board-edge package, leftmost in backside view; local solder package fit establishes pad identity only; no electrical path accepted"
seed-component-D102-7,ref/photos/juku-pcb-2/PXL_20260710_200418174.jpg,3444.000,1589.000,D102,7,,local-package-fit,measurement,codex-photo-review,Validated D102 component fit identifies the cable-partly-obscured К155АГ3 package right of D97 and replaces the displaced projection; local component package fit establishes pad identity only; no electrical path accepted
seed-solder-D102-7,ref/photos/juku-pcb-2/PXL_20260710_200522685.jpg,792.143,1092.429,D102,7,,local-package-fit,measurement,codex-photo-review,"Validated D102 solder fit identifies the physical joint in the board-edge package, leftmost in backside view; local solder package fit establishes pad identity only; no electrical path accepted"
seed-component-D102-9,ref/photos/juku-pcb-2/PXL_20260710_200418174.jpg,3497.000,1420.000,D102,9,,local-package-fit,measurement,codex-photo-review,Validated D102 component fit identifies the cable-partly-obscured К155АГ3 package right of D97 and replaces the displaced projection; local component package fit establishes pad identity only; no electrical path accepted
seed-solder-D102-9,ref/photos/juku-pcb-2/PXL_20260710_200522685.jpg,735.714,1257.429,D102,9,,local-package-fit,measurement,codex-photo-review,"Validated D102 solder fit identifies the physical joint in the board-edge package, leftmost in backside view; local solder package fit establishes pad identity only; no electrical path accepted"
seed-component-D106-1,ref/photos/juku-pcb-2/PXL_20260710_200402344.jpg,2533.000,2074.000,D106,1,,local-package-fit,measurement,codex-photo-review,Validated D106 component fit identifies the photographed К555ИЕ7 package contact and replaces the displaced generated landing; local component package fit establishes pad identity only; no electrical path accepted
seed-solder-D106-1,ref/photos/juku-pcb-2/PXL_20260710_200506061.jpg,1156.155,1855.000,D106,1,,local-package-fit,measurement,codex-photo-review,"Corrected D106 fit identifies the physical pin1 solder-joint centre; calibrated raw-crop review finds only local copper into a nearby handoff and no uninterrupted path to a known P5V anchor, so the expected high strap remains unproved; local solder package fit establishes pad identity only"
seed-component-D106-10,ref/photos/juku-pcb-2/PXL_20260710_200402344.jpg,2694.000,2391.000,D106,10,,local-package-fit,measurement,codex-photo-review,Validated D106 component fit identifies the photographed К555ИЕ7 package contact and replaces the displaced generated landing; local component package fit establishes pad identity only; no electrical path accepted
seed-solder-D106-10,ref/photos/juku-pcb-2/PXL_20260710_200506061.jpg,1016.329,2130.087,D106,10,,local-package-fit,measurement,codex-photo-review,"Corrected D106 fit extrapolates pin10 into the rail-obscured package end; apparent overlap with crossing metal is not continuity to GND, so the expected low strap remains unproved"
seed-component-D106-11,ref/photos/juku-pcb-2/PXL_20260710_200402344.jpg,2693.666,2338.000,D106,11,,local-package-fit,measurement,codex-photo-review,Validated D106 component fit identifies the photographed К555ИЕ7 package contact and replaces the displaced generated landing; local component package fit establishes pad identity only; no electrical path accepted
seed-solder-D106-11,ref/photos/juku-pcb-2/PXL_20260710_200506061.jpg,1016.633,2084.087,D106,11,,local-package-fit,measurement,codex-photo-review,"Corrected D106 fit identifies the physical pin11 solder-joint centre; calibrated raw-crop review rejects an uninterrupted same-layer path to D93.27 at (1555.311,2091.306), but the solder cap can still hide a layer handoff so continuity remains required; local solder package fit establishes pad identity only; no electrical path accepted"
seed-component-D106-12,ref/photos/juku-pcb-2/PXL_20260710_200402344.jpg,2693.333,2285.000,D106,12,,local-package-fit,measurement,codex-photo-review,Validated D106 component fit identifies the photographed К555ИЕ7 package contact and replaces the displaced generated landing; local component package fit establishes pad identity only; no electrical path accepted
seed-solder-D106-12,ref/photos/juku-pcb-2/PXL_20260710_200506061.jpg,1016.937,2038.087,D106,12,,local-package-fit,measurement,codex-photo-review,"Corrected D106 fit identifies the physical pin12 solder-joint centre; the solder cap hides its copper departure, so no destination or intentional strap is accepted; local solder package fit establishes pad identity only; no electrical path accepted"
seed-component-D106-13,ref/photos/juku-pcb-2/PXL_20260710_200402344.jpg,2693.000,2232.000,D106,13,,local-package-fit,measurement,codex-photo-review,Validated D106 component fit identifies the photographed К555ИЕ7 package contact and replaces the displaced generated landing; local component package fit establishes pad identity only; no electrical path accepted
seed-solder-D106-13,ref/photos/juku-pcb-2/PXL_20260710_200506061.jpg,1017.242,1992.087,D106,13,,local-package-fit,measurement,codex-photo-review,"Corrected D106 fit identifies the physical pin13 solder-joint centre; the solder cap hides its copper departure, so no destination or intentional strap is accepted; local solder package fit establishes pad identity only; no electrical path accepted"
seed-component-D106-14,ref/photos/juku-pcb-2/PXL_20260710_200402344.jpg,2692.667,2179.000,D106,14,,local-package-fit,measurement,codex-photo-review,Validated D106 component fit identifies the photographed К555ИЕ7 package contact and replaces the displaced generated landing; local component package fit establishes pad identity only; no electrical path accepted
seed-solder-D106-14,ref/photos/juku-pcb-2/PXL_20260710_200506061.jpg,1017.546,1946.087,D106,14,,local-package-fit,measurement,codex-photo-review,"Corrected D106 fit identifies the physical pin14 solder-joint centre; calibrated raw-crop review rejects an uninterrupted same-layer path to D93.33 at (1557.244,1809.072), but the solder cap can still hide a layer handoff so continuity remains required; local solder package fit establishes pad identity only; no electrical path accepted"
seed-component-D106-15,ref/photos/juku-pcb-2/PXL_20260710_200402344.jpg,2692.333,2126.000,D106,15,,local-package-fit,measurement,codex-photo-review,Validated D106 component fit identifies the photographed К555ИЕ7 package contact and replaces the displaced generated landing; local component package fit establishes pad identity only; no electrical path accepted
seed-solder-D106-15,ref/photos/juku-pcb-2/PXL_20260710_200506061.jpg,1017.851,1900.087,D106,15,,local-package-fit,measurement,codex-photo-review,"Corrected D106 fit identifies the physical pin15 solder-joint centre; calibrated raw-crop review finds only local copper into a nearby handoff and no uninterrupted path to a known P5V anchor, so the expected high strap remains unproved; local solder package fit establishes pad identity only"
seed-component-D106-2,ref/photos/juku-pcb-2/PXL_20260710_200402344.jpg,2533.333,2127.000,D106,2,,local-package-fit,measurement,codex-photo-review,Validated D106 component fit identifies the photographed К555ИЕ7 package contact and replaces the displaced generated landing; local component package fit establishes pad identity only; no electrical path accepted
seed-solder-D106-2,ref/photos/juku-pcb-2/PXL_20260710_200506061.jpg,1155.851,1901.000,D106,2,,local-package-fit,measurement,codex-photo-review,"Corrected D106 fit identifies the physical pin2 solder-joint centre; the solder cap hides its copper departure, so no destination or intentional strap is accepted; local solder package fit establishes pad identity only; no electrical path accepted"
seed-component-D106-3,ref/photos/juku-pcb-2/PXL_20260710_200402344.jpg,2533.667,2180.000,D106,3,,local-package-fit,measurement,codex-photo-review,Validated D106 component fit identifies the photographed К555ИЕ7 package contact and replaces the displaced generated landing; local component package fit establishes pad identity only; no electrical path accepted
seed-solder-D106-3,ref/photos/juku-pcb-2/PXL_20260710_200506061.jpg,1155.546,1947.000,D106,3,,local-package-fit,measurement,codex-photo-review,"Corrected D106 fit identifies the physical pin3 solder-joint centre; the solder cap hides its copper departure, so no destination or intentional strap is accepted; local solder package fit establishes pad identity only; no electrical path accepted"
seed-component-D106-4,ref/photos/juku-pcb-2/PXL_20260710_200402344.jpg,2534.000,2233.000,D106,4,,local-package-fit,measurement,codex-photo-review,Validated D106 component fit identifies the photographed К555ИЕ7 package contact and replaces the displaced generated landing; local component package fit establishes pad identity only; no electrical path accepted
seed-solder-D106-4,ref/photos/juku-pcb-2/PXL_20260710_200506061.jpg,1155.242,1993.000,D106,4,,local-package-fit,measurement,codex-photo-review,"Corrected D106 fit identifies the physical pin4 solder-joint centre and local copper departure; it does not remain visibly unbroken to an identified CLOCK SOURCE, so the expected recovery-clock input remains unproved; local solder package fit establishes pad identity only"
seed-component-D106-5,ref/photos/juku-pcb-2/PXL_20260710_200402344.jpg,2534.333,2286.000,D106,5,,local-package-fit,measurement,codex-photo-review,Validated D106 component fit identifies the photographed К555ИЕ7 package contact and replaces the displaced generated landing; local component package fit establishes pad identity only; no electrical path accepted
seed-solder-D106-5,ref/photos/juku-pcb-2/PXL_20260710_200506061.jpg,1154.937,2039.000,D106,5,,local-package-fit,measurement,codex-photo-review,"Corrected D106 fit identifies the physical pin5 solder-joint centre; calibrated raw-crop review finds only local copper and no uninterrupted path to a known P5V anchor, so the expected high strap remains unproved; local solder package fit establishes pad identity only"
seed-component-D106-6,ref/photos/juku-pcb-2/PXL_20260710_200402344.jpg,2534.666,2339.000,D106,6,,local-package-fit,measurement,codex-photo-review,Validated D106 component fit identifies the photographed К555ИЕ7 package contact and replaces the displaced generated landing; local component package fit establishes pad identity only; no electrical path accepted
seed-solder-D106-6,ref/photos/juku-pcb-2/PXL_20260710_200506061.jpg,1154.633,2085.000,D106,6,,local-package-fit,measurement,codex-photo-review,"Corrected D106 fit identifies the physical pin6 solder-joint centre; the solder cap hides its copper departure, so no destination or intentional strap is accepted; local solder package fit establishes pad identity only; no electrical path accepted"
seed-component-D106-7,ref/photos/juku-pcb-2/PXL_20260710_200402344.jpg,2535.000,2392.000,D106,7,,local-package-fit,measurement,codex-photo-review,Corrected component fit identifies К555ИЕ7 Q3/pin7; the package body obscures the departure and the corresponding solder contact is rail-obscured; local component package fit establishes pad identity only; no electrical path accepted
seed-solder-D106-7,ref/photos/juku-pcb-2/PXL_20260710_200506061.jpg,1154.329,2131.000,D106,7,FDC_RCLK,local-package-fit,accepted,codex-photo-review,"Accepted cross-package net: the adjacent-anchor D106 fit lands Q3/pin7 exactly on the uninterrupted solder trace that slopes east to the independently fitted D93.26 RCLK joint at (1554.989,2138.344); raw-image review shows no gap, via, or branch between contacts; VG93 IE7-only topology is corroboration, not the promotion source"
seed-component-D106-9,ref/photos/juku-pcb-2/PXL_20260710_200402344.jpg,2694.333,2444.000,D106,9,,local-package-fit,measurement,codex-photo-review,Validated D106 component fit identifies the photographed К555ИЕ7 package contact and replaces the displaced generated landing; local component package fit establishes pad identity only; no electrical path accepted
seed-solder-D106-9,ref/photos/juku-pcb-2/PXL_20260710_200506061.jpg,1016.024,2176.087,D106,9,,local-package-fit,measurement,codex-photo-review,"Corrected D106 fit extrapolates pin9 into the rail-obscured package end; apparent overlap with crossing metal is not continuity to GND, so the expected low strap remains unproved"
seed-component-D41-1,ref/photos/juku-pcb-2/PXL_20260710_200418174.jpg,2204.000,1954.000,D41,1,,local-package-fit,measurement,codex-photo-review,"Corrected package-local fit identifies the actual D41 pad; visible component copper leaves the package, but factory wires or the timing-rail field prevent a proved complete destination"
seed-solder-D41-1,ref/photos/juku-pcb-2/PXL_20260710_200522685.jpg,1999.000,1620.000,D41,1,,local-package-fit,measurement,codex-photo-review,Promoted D41 solder package fit at x1999..2329; supersedes wrong-package x1451..1781 seed. Pin identity only; remote copper destination still requires proof.
seed-component-D41-10,ref/photos/juku-pcb-2/PXL_20260710_200418174.jpg,1978.000,2123.500,D41,10,,local-package-fit,measurement,codex-photo-review,"Corrected package-local fit identifies the actual D41 pad; visible component copper leaves the package, but factory wires or the timing-rail field prevent a proved complete destination"
seed-solder-D41-10,ref/photos/juku-pcb-2/PXL_20260710_200522685.jpg,2219.000,1785.000,D41,10,,local-package-fit,measurement,codex-photo-review,Promoted D41 solder package fit at x1999..2329; supersedes wrong-package x1451..1781 seed. Pin identity only; remote copper destination still requires proof.
seed-component-D41-2,ref/photos/juku-pcb-2/PXL_20260710_200418174.jpg,2147.500,1954.000,D41,2,,local-package-fit,measurement,codex-photo-review,"Corrected package-local fit identifies the actual D41 pad; visible component copper leaves the package, but factory wires or the timing-rail field prevent a proved complete destination"
seed-solder-D41-2,ref/photos/juku-pcb-2/PXL_20260710_200522685.jpg,2054.000,1620.000,D41,2,,local-package-fit,measurement,codex-photo-review,Promoted D41 solder package fit at x1999..2329; supersedes wrong-package x1451..1781 seed. Pin identity only; remote copper destination still requires proof.
seed-component-D41-3,ref/photos/juku-pcb-2/PXL_20260710_200418174.jpg,2091.000,1954.000,D41,3,,local-package-fit,measurement,codex-photo-review,"Corrected package-local fit identifies the actual D41 pad; visible component copper leaves the package, but factory wires or the timing-rail field prevent a proved complete destination"
seed-solder-D41-3,ref/photos/juku-pcb-2/PXL_20260710_200522685.jpg,2109.000,1620.000,D41,3,,local-package-fit,measurement,codex-photo-review,Promoted D41 solder package fit at x1999..2329; supersedes wrong-package x1451..1781 seed. Pin identity only; remote copper destination still requires proof.
seed-component-D41-4,ref/photos/juku-pcb-2/PXL_20260710_200418174.jpg,2034.500,1954.000,D41,4,,local-package-fit,measurement,codex-photo-review,"Corrected package-local fit identifies the actual D41 pad; visible component copper leaves the package, but factory wires or the timing-rail field prevent a proved complete destination"
seed-solder-D41-4,ref/photos/juku-pcb-2/PXL_20260710_200522685.jpg,2164.000,1620.000,D41,4,,local-package-fit,measurement,codex-photo-review,Promoted D41 solder package fit at x1999..2329; supersedes wrong-package x1451..1781 seed. Pin identity only; remote copper destination still requires proof.
seed-component-D41-5,ref/photos/juku-pcb-2/PXL_20260710_200418174.jpg,1978.000,1954.000,D41,5,,local-package-fit,measurement,codex-photo-review,"Corrected package-local fit identifies the actual D41 pad; visible component copper leaves the package, but factory wires or the timing-rail field prevent a proved complete destination"
seed-solder-D41-5,ref/photos/juku-pcb-2/PXL_20260710_200522685.jpg,2219.000,1620.000,D41,5,,local-package-fit,measurement,codex-photo-review,Promoted D41 solder package fit at x1999..2329; supersedes wrong-package x1451..1781 seed. Pin identity only; remote copper destination still requires proof.
seed-component-D41-6,ref/photos/juku-pcb-2/PXL_20260710_200418174.jpg,1921.500,1954.000,D41,6,,local-package-fit,measurement,codex-photo-review,"Corrected package-local fit identifies the actual D41 pad; visible component copper leaves the package, but factory wires or the timing-rail field prevent a proved complete destination"
seed-solder-D41-6,ref/photos/juku-pcb-2/PXL_20260710_200522685.jpg,2274.000,1620.000,D41,6,,local-package-fit,measurement,codex-photo-review,Promoted D41 solder package fit at x1999..2329; supersedes wrong-package x1451..1781 seed. Pin identity only; remote copper destination still requires proof.
seed-component-D41-8,ref/photos/juku-pcb-2/PXL_20260710_200418174.jpg,1865.000,2123.500,D41,8,,local-package-fit,measurement,codex-photo-review,"Corrected package-local fit identifies the actual D41 pad; visible component copper leaves the package, but factory wires or the timing-rail field prevent a proved complete destination"
seed-solder-D41-8,ref/photos/juku-pcb-2/PXL_20260710_200522685.jpg,2329.000,1785.000,D41,8,,local-package-fit,measurement,codex-photo-review,Promoted D41 solder package fit at x1999..2329; supersedes wrong-package x1451..1781 seed. Pin identity only; remote copper destination still requires proof.
seed-component-D41-9,ref/photos/juku-pcb-2/PXL_20260710_200418174.jpg,1921.500,2123.500,D41,9,,local-package-fit,measurement,codex-photo-review,"Corrected package-local fit identifies the actual D41 pad; visible component copper leaves the package, but factory wires or the timing-rail field prevent a proved complete destination"
seed-solder-D41-9,ref/photos/juku-pcb-2/PXL_20260710_200522685.jpg,2274.000,1785.000,D41,9,,local-package-fit,measurement,codex-photo-review,Promoted D41 solder package fit at x1999..2329; supersedes wrong-package x1451..1781 seed. Pin identity only; remote copper destination still requires proof.
seed-component-C12-2,ref/photos/juku-pcb-2/PXL_20260710_200418174.jpg,2142.458,1220.181,C12,2,,registration-only,measurement,codex-photo-review,C12 projection is crowded between adjacent IC/resistor leads and does not identify the capacitor landing or a complete path
seed-solder-C12-2,ref/photos/juku-pcb-2/PXL_20260710_200522685.jpg,1590.826,938.565,C12,2,,registration-only,measurement,codex-photo-review,C12 solder projection overlaps a multi-junction trace area without unique passive-pin identity
seed-component-C73-1,ref/photos/juku-pcb-2/PXL_20260710_200450127.jpg,1681.475,1854.353,C73,1,,registration-only,measurement,codex-photo-review,Retired wrong-location projection above actual trimmer; physical upper joint near (1890 2185) has no proved pad number
seed-solder-C73-1,ref/photos/juku-pcb-2/PXL_20260710_200537608.jpg,2024.992,1926.216,C73,1,,registration-only,measurement,codex-photo-review,Retired projection on broad rail with no unique C73 drilled landing
seed-component-C73-2,ref/photos/juku-pcb-2/PXL_20260710_200450127.jpg,1792.252,1855.629,C73,2,,registration-only,measurement,codex-photo-review,Retired wrong-location projection above actual trimmer; physical lower terminal has no proved pad number
seed-solder-C73-2,ref/photos/juku-pcb-2/PXL_20260710_200537608.jpg,1906.049,1926.987,C73,2,,registration-only,measurement,codex-photo-review,Retired projection on broad rail with no unique C73 drilled landing
seed-component-E1-3,ref/photos/juku-pcb-2/PXL_20260710_200439607.jpg,2718.911,1543.338,E1,3,,registration-only,measurement,codex-photo-review,E1 projection lies on inter-package fanout rather than a uniquely identified connector/contact pin
seed-solder-E1-3,ref/photos/juku-pcb-2/PXL_20260710_200534267.jpg,2338.517,1302.120,E1,3,,registration-only,measurement,codex-photo-review,E1 solder projection is at a trace crossing/junction field with no unique endpoint
seed-component-E14-1,ref/photos/juku-pcb-2/PXL_20260710_200439607.jpg,2325.891,585.428,E14,1,,registration-only,measurement,codex-photo-review,E14 projection lies among bare traces and vias without a visible component/contact landing
seed-solder-E14-1,ref/photos/juku-pcb-2/PXL_20260710_200525009.jpg,2960.016,2348.662,E14,1,,registration-only,measurement,codex-photo-review,E14 solder projection falls between several joints and branches; endpoint identity is ambiguous
seed-component-R66-1,ref/photos/juku-pcb-2/PXL_20260710_200418174.jpg,2916.272,1957.712,R66,1,,registration-only,measurement,codex-photo-review,R66 projection falls on a neighboring vertical trace rather than a uniquely identifiable resistor lead
seed-solder-R66-1,ref/photos/juku-pcb-2/PXL_20260710_200522685.jpg,814.180,1683.565,R66,1,,registration-only,measurement,codex-photo-review,R66 solder projection overlaps a clustered joint/broad-copper area without unique lead identity
seed-component-R73-3,ref/photos/juku-pcb-2/PXL_20260710_200418174.jpg,2561.649,1306.233,R73,3,,registration-only,measurement,codex-photo-review,R73 projection is near an adjacent resistor/IC lead cluster and does not isolate the modeled resistor endpoint
seed-solder-R73-3,ref/photos/juku-pcb-2/PXL_20260710_200522685.jpg,1171.754,1028.422,R73,3,,registration-only,measurement,codex-photo-review,R73 solder projection lies on a broad rail rather than a unique resistor landing
seed-component-S4-1,ref/photos/juku-pcb-2/PXL_20260710_200418174.jpg,1888.250,873.247,S4,1,,registration-only,measurement,codex-photo-review,S4 projections lie on an IC body rather than identifiable switch contacts; the modeled placement is not registered
seed-solder-S4-1,ref/photos/juku-pcb-2/PXL_20260710_200506061.jpg,1390.596,2087.444,S4,1,,registration-only,measurement,codex-photo-review,S4 solder projections lie in a trace field between package rows and do not identify switch contacts
seed-component-S4-2,ref/photos/juku-pcb-2/PXL_20260710_200418174.jpg,1888.396,926.530,S4,2,,registration-only,measurement,codex-photo-review,S4 projections lie on an IC body rather than identifiable switch contacts; the modeled placement is not registered
seed-solder-S4-2,ref/photos/juku-pcb-2/PXL_20260710_200506061.jpg,1390.304,2133.460,S4,2,,registration-only,measurement,codex-photo-review,S4 solder projections lie in a trace field between package rows and do not identify switch contacts
seed-component-Z1-1,ref/photos/juku-pcb-2/PXL_20260710_200450127.jpg,2041.954,1957.968,Z1,1,,registration-only,measurement,codex-photo-review,Z1 projections land on silkscreen reference marks rather than identifiable connector pads
seed-solder-Z1-1,ref/photos/juku-pcb-2/PXL_20260710_200537608.jpg,1638.304,2034.254,Z1,1,,registration-only,measurement,codex-photo-review,Z1 solder projections fall on broad rails away from a uniquely identifiable connector landing
seed-component-Z1-2,ref/photos/juku-pcb-2/PXL_20260710_200450127.jpg,2042.267,1848.457,Z1,2,,registration-only,measurement,codex-photo-review,Z1 projections land on silkscreen reference marks rather than identifiable connector pads
seed-solder-Z1-2,ref/photos/juku-pcb-2/PXL_20260710_200537608.jpg,1637.491,1918.060,Z1,2,,registration-only,measurement,codex-photo-review,Z1 solder projections fall on broad rails away from a uniquely identifiable connector landing
seed-component-D10-22,ref/photos/juku-pcb-2/PXL_20260710_200415237.jpg,2455.769,1305.000,D10,22,,local-package-fit,measurement,codex-photo-review,D10 projection lies under a factory wire on bare trace fanout rather than a package contact; local component package fit establishes pad identity only; no electrical path accepted
seed-solder-D10-22,ref/photos/juku-pcb-2/PXL_20260710_200522685.jpg,3438.000,1028.000,D10,22,,local-package-fit,measurement,codex-photo-review,"Reflected D10 fourteen-joint row fit corrects retired board-level projection (3263.713,904.750); pin 22 is the eighth upper-row joint from reflected pin 15 at about (3048,1028). No B.Cu departure is visible at this joint; F.Cu and remote endpoint remain unproved."
seed-component-D12-2,ref/photos/juku-pcb-2/PXL_20260710_200418174.jpg,1000.256,899.804,D12,2,,registration-only,measurement,codex-photo-review,D12 projection is on the package body rather than the selected pin/contact
seed-solder-D12-2,ref/photos/juku-pcb-2/PXL_20260710_200506061.jpg,2139.500,2086.500,D12,2,,registration+unique-hole-snap,measurement,codex-photo-review,D12 nearby-hole projection is in an inter-row trace field and cannot establish pin identity
seed-component-D14-2,ref/photos/juku-pcb-2/PXL_20260710_200358952.jpg,2598.000,1514.000,D14,2,,local-cross-face-fit,measurement,codex-photo-review,Notch-up marked D14 second left-row lead; D11-local two-face fit and second component view corroborate physical pin identity only; remote source unproved
seed-solder-D14-2,ref/photos/juku-pcb-2/PXL_20260710_200506061.jpg,2426.000,1376.000,D14,2,,local-cross-face-fit,measurement,codex-photo-review,D11-local reflected fit puts D14 second left-row contact on this visible solder cap; old x2279 y1708 geometry seed rejected; remote source unproved
seed-component-D14-7,ref/photos/juku-pcb-2/PXL_20260710_200358952.jpg,2754.000,1514.000,D14,7,,local-cross-face-fit,measurement,codex-photo-review,Notch-up marked D14 second right-row lead; D11-local two-face fit and second component view corroborate physical pin identity only; remote destination unproved
seed-solder-D14-7,ref/photos/juku-pcb-2/PXL_20260710_200506061.jpg,2288.000,1376.000,D14,7,,local-cross-face-fit,measurement,codex-photo-review,D11-local reflected fit puts D14 second right-row contact on this visible solder cap; old x2141 y1711 geometry seed rejected; remote destination unproved
seed-component-D33-12,ref/photos/juku-pcb-2/PXL_20260710_200445914.jpg,2106.353,1236.633,D33,12,,registration-only,measurement,codex-photo-review,D33 projections fall on an adjacent resistor/trace gap rather than coherent IC contacts
seed-solder-D33-12,ref/photos/juku-pcb-2/PXL_20260710_200530933.MP.jpg,1632.966,479.891,D33,12,,registration-only,measurement,codex-photo-review,D33 solder projections lie in trace/joint fields without unique package pin identity or destination
seed-component-D33-9,ref/photos/juku-pcb-2/PXL_20260710_200445914.jpg,2107.699,1069.229,D33,9,,registration-only,measurement,codex-photo-review,D33 projections fall on an adjacent resistor/trace gap rather than coherent IC contacts
seed-solder-D33-9,ref/photos/juku-pcb-2/PXL_20260710_200522685.jpg,1638.548,2631.309,D33,9,,registration-only,measurement,codex-photo-review,D33 solder projections lie in trace/joint fields without unique package pin identity or destination
seed-component-D37-10,ref/photos/juku-pcb-2/PXL_20260710_200445914.jpg,2186.500,1081.333,D37,10,,local-package-fit,measurement,codex-photo-review,"Corrected lower-row D37 package projection; measurement only, not electrical evidence"
seed-solder-D37-10,ref/photos/juku-pcb-2/PXL_20260710_200530933.MP.jpg,2009.411,386.241,D37,10,,registration-only,measurement,codex-photo-review,D37 solder points lie among junctions between physical pad rows; the one nearby-hole snap lacks package-side identity
seed-component-D37-8,ref/photos/juku-pcb-2/PXL_20260710_200445914.jpg,2186.500,967.000,D37,8,,local-package-fit,measurement,codex-photo-review,"Corrected lower-row D37 package projection; measurement only, not electrical evidence"
seed-solder-D37-8,ref/photos/juku-pcb-2/PXL_20260710_200522685.jpg,1992.500,2624.500,D37,8,,registration+unique-hole-snap,measurement,codex-photo-review,D37 solder points lie among junctions between physical pad rows; the one nearby-hole snap lacks package-side identity
seed-component-D37-9,ref/photos/juku-pcb-2/PXL_20260710_200445914.jpg,2186.500,1024.167,D37,9,,local-package-fit,measurement,codex-photo-review,"Corrected lower-row D37 package projection; measurement only, not electrical evidence"
seed-solder-D37-9,ref/photos/juku-pcb-2/PXL_20260710_200522685.jpg,1984.467,2656.391,D37,9,,registration-only,measurement,codex-photo-review,D37 solder points lie among junctions between physical pad rows; the one nearby-hole snap lacks package-side identity
seed-component-D42-12,ref/photos/juku-pcb-2/PXL_20260710_200452717.MP.jpg,1431.636,2158.593,D42,12,,registration-only,measurement,codex-photo-review,D42 projections fall on bare fanout or adjacent component areas rather than consistently identified package pins
seed-solder-D42-12,ref/photos/juku-pcb-2/PXL_20260710_200534267.jpg,1843.902,2409.183,D42,12,,registration-only,measurement,codex-photo-review,D42 solder projections lie on long inter-row rails with no unique pin landing or destination
seed-component-D42-13,ref/photos/juku-pcb-2/PXL_20260710_200452717.MP.jpg,1374.743,2158.052,D42,13,,registration-only,measurement,codex-photo-review,D42 projections fall on bare fanout or adjacent component areas rather than consistently identified package pins
seed-solder-D42-13,ref/photos/juku-pcb-2/PXL_20260710_200534267.jpg,1905.346,2409.687,D42,13,,registration-only,measurement,codex-photo-review,D42 solder projections lie on long inter-row rails with no unique pin landing or destination
seed-component-D42-8,ref/photos/juku-pcb-2/PXL_20260710_200452717.MP.jpg,1659.125,2160.756,D42,8,,registration-only,measurement,codex-photo-review,D42 projections fall on bare fanout or adjacent component areas rather than consistently identified package pins
seed-solder-D42-8,ref/photos/juku-pcb-2/PXL_20260710_200534267.jpg,1598.409,2407.169,D42,8,,registration-only,measurement,codex-photo-review,D42 solder projections lie on long inter-row rails with no unique pin landing or destination
seed-component-D51-1,ref/photos/juku-pcb-2/PXL_20260710_200411500.jpg,2714.000,2803.000,D51,1,,local-package-fit,measurement,codex-photo-review,Promoted local-package-registration.json anchor; old projected seed location rejected. Physical pin identity only; copper destination and connectivity remain unproved.
seed-solder-D51-1,ref/photos/juku-pcb-2/PXL_20260710_200525009.jpg,2797.500,1986.500,D51,1,,registration+unique-hole-snap,measurement,codex-photo-review,D51 hole snap is inside a clustered junction field and lacks component-side pin identity
seed-component-D59-1,ref/photos/juku-pcb-2/PXL_20260710_200450127.jpg,2646.775,2298.339,D59,1,,registration-only,measurement,codex-photo-review,D59 projections land on a shield/bare board area and adjacent package fanout rather than coherent contacts
seed-solder-D59-1,ref/photos/juku-pcb-2/PXL_20260710_200537608.jpg,990.757,2391.869,D59,1,,registration-only,measurement,codex-photo-review,"D59 solder projections lie near a mounting hole or broad rail, not uniquely identified package pads"
seed-component-D59-10,ref/photos/juku-pcb-2/PXL_20260710_200450127.jpg,2873.042,2129.943,D59,10,,registration-only,measurement,codex-photo-review,D59 projections land on a shield/bare board area and adjacent package fanout rather than coherent contacts
seed-solder-D59-10,ref/photos/juku-pcb-2/PXL_20260710_200537608.jpg,746.535,2212.361,D59,10,,registration-only,measurement,codex-photo-review,"D59 solder projections lie near a mounting hole or broad rail, not uniquely identified package pads"
seed-component-D13-10,ref/photos/juku-pcb-2/PXL_20260710_200439607.jpg,1007.257,1358.306,D13,10,,registration-only,measurement,codex-photo-review,"D13 projections alternate between package bodies, adjacent resistor, and offset contacts; no coherent package fit or complete fanout is visible"
seed-solder-D13-10,ref/photos/juku-pcb-2/PXL_20260710_200537608.jpg,2928.067,1009.267,D13,10,,local-package-fit,measurement,codex-photo-review,Promoted complete package-row fit; old projected seed rejected. Physical pin identity only; copper destination and connectivity remain unproved.; local solder package fit establishes pad identity only; no electrical path accepted
seed-component-D13-11,ref/photos/juku-pcb-2/PXL_20260710_200450127.jpg,1166.435,960.839,D13,11,,registration-only,measurement,codex-photo-review,"D13 projections alternate between package bodies, adjacent resistor, and offset contacts; no coherent package fit or complete fanout is visible"
seed-solder-D13-11,ref/photos/juku-pcb-2/PXL_20260710_200537608.jpg,2866.600,1009.300,D13,11,,local-package-fit,measurement,codex-photo-review,Promoted complete package-row fit; old projected seed rejected. Physical pin identity only; copper destination and connectivity remain unproved.; local solder package fit establishes pad identity only; no electrical path accepted
seed-component-D13-12,ref/photos/juku-pcb-2/PXL_20260710_200450127.jpg,1110.592,960.297,D13,12,,registration-only,measurement,codex-photo-review,"D13 projections alternate between package bodies, adjacent resistor, and offset contacts; no coherent package fit or complete fanout is visible"
seed-solder-D13-12,ref/photos/juku-pcb-2/PXL_20260710_200537608.jpg,2805.133,1009.333,D13,12,,local-package-fit,measurement,codex-photo-review,Promoted complete package-row fit; old projected seed rejected. Physical pin identity only; copper destination and connectivity remain unproved.; local solder package fit establishes pad identity only; no electrical path accepted
seed-component-D13-13,ref/photos/juku-pcb-2/PXL_20260710_200450127.jpg,1054.761,959.755,D13,13,,registration-only,measurement,codex-photo-review,"D13 projections alternate between package bodies, adjacent resistor, and offset contacts; no coherent package fit or complete fanout is visible"
seed-solder-D13-13,ref/photos/juku-pcb-2/PXL_20260710_200537608.jpg,2743.667,1009.367,D13,13,,local-package-fit,measurement,codex-photo-review,Promoted complete package-row fit; old projected seed rejected. Physical pin identity only; copper destination and connectivity remain unproved.; local solder package fit establishes pad identity only; no electrical path accepted
seed-component-D13-3,ref/photos/juku-pcb-2/PXL_20260710_200450127.jpg,1109.180,1128.566,D13,3,,registration-only,measurement,codex-photo-review,"D13 projections alternate between package bodies, adjacent resistor, and offset contacts; no coherent package fit or complete fanout is visible"
seed-solder-D13-3,ref/photos/juku-pcb-2/PXL_20260710_200537608.jpg,2805.033,824.933,D13,3,,local-package-fit,measurement,codex-photo-review,Promoted complete package-row fit; old projected seed rejected. Physical pin identity only; copper destination and connectivity remain unproved.; local solder package fit establishes pad identity only; no electrical path accepted
seed-component-D13-6,ref/photos/juku-pcb-2/PXL_20260710_200450127.jpg,1276.915,1130.252,D13,6,,registration-only,measurement,codex-photo-review,"D13 projections alternate between package bodies, adjacent resistor, and offset contacts; no coherent package fit or complete fanout is visible"
seed-solder-D13-6,ref/photos/juku-pcb-2/PXL_20260710_200537608.jpg,2989.433,824.833,D13,6,,local-package-fit,measurement,codex-photo-review,Promoted complete package-row fit; old projected seed rejected. Physical pin identity only; copper destination and connectivity remain unproved.; local solder package fit establishes pad identity only; no electrical path accepted
seed-component-D13-8,ref/photos/juku-pcb-2/PXL_20260710_200439607.jpg,1117.240,1358.757,D13,8,,registration-only,measurement,codex-photo-review,"D13 projections alternate between package bodies, adjacent resistor, and offset contacts; no coherent package fit or complete fanout is visible"
seed-solder-D13-8,ref/photos/juku-pcb-2/PXL_20260710_200537608.jpg,3051.000,1009.200,D13,8,,local-package-fit,measurement,codex-photo-review,Promoted local-package-registration.json anchor; old projected seed location rejected. Physical pin identity only; copper destination and connectivity remain unproved.; local solder package fit establishes pad identity only; no electrical path accepted
seed-component-D13-9,ref/photos/juku-pcb-2/PXL_20260710_200439607.jpg,1062.236,1358.532,D13,9,,registration-only,measurement,codex-photo-review,"D13 projections alternate between package bodies, adjacent resistor, and offset contacts; no coherent package fit or complete fanout is visible"
seed-solder-D13-9,ref/photos/juku-pcb-2/PXL_20260710_200537608.jpg,2989.533,1009.233,D13,9,,local-package-fit,measurement,codex-photo-review,Promoted complete package-row fit; old projected seed rejected. Physical pin identity only; copper destination and connectivity remain unproved.; local solder package fit establishes pad identity only; no electrical path accepted
seed-component-D26-14,ref/photos/juku-pcb-2/PXL_20260710_200455512.jpg,1873.542,2223.851,D26,14,,registration-only,measurement,codex-photo-review,"D26 projections fall on the package body, offset contact edge, or bare parallel traces rather than a coherent selected-pin set"
seed-solder-D26-14,ref/photos/juku-pcb-2/PXL_20260710_200530933.MP.jpg,1944.323,2280.747,D26,14,,registration-only,measurement,codex-photo-review,D26 solder projections lie between physical package rows on broad/parallel rails without unique pin identity
seed-component-D26-15,ref/photos/juku-pcb-2/PXL_20260710_200455512.jpg,1930.831,2223.954,D26,15,,registration-only,measurement,codex-photo-review,"D26 projections fall on the package body, offset contact edge, or bare parallel traces rather than a coherent selected-pin set"
seed-solder-D26-15,ref/photos/juku-pcb-2/PXL_20260710_200530933.MP.jpg,1884.541,2280.170,D26,15,,registration-only,measurement,codex-photo-review,D26 solder projections lie between physical package rows on broad/parallel rails without unique pin identity
seed-component-D26-22,ref/photos/juku-pcb-2/PXL_20260710_200455512.jpg,2164.383,1881.296,D26,22,,registration-only,measurement,codex-photo-review,"D26 projections fall on the package body, offset contact edge, or bare parallel traces rather than a coherent selected-pin set"
seed-solder-D26-22,ref/photos/juku-pcb-2/PXL_20260710_200530933.MP.jpg,1645.859,1912.649,D26,22,,registration-only,measurement,codex-photo-review,D26 solder projections lie between physical package rows on broad/parallel rails without unique pin identity
seed-component-D26-38,ref/photos/juku-pcb-2/PXL_20260710_200455512.jpg,1248.158,1878.371,D26,38,,registration-only,measurement,codex-photo-review,"D26 projections fall on the package body, offset contact edge, or bare parallel traces rather than a coherent selected-pin set"
seed-solder-D26-38,ref/photos/juku-pcb-2/PXL_20260710_200530933.MP.jpg,2600.477,1920.582,D26,38,,registration-only,measurement,codex-photo-review,D26 solder projections lie between physical package rows on broad/parallel rails without unique pin identity
seed-component-D29-1,ref/photos/juku-pcb-2/PXL_20260710_200354648.jpg,2213,1438,D29,1,,registration+package-row-snap,measurement,codex-photo-review,D29 notch-left lower ten-contact row; physical pin count from left; owner continuity unmeasured
seed-solder-D29-1,ref/photos/juku-pcb-2/PXL_20260710_200509593.jpg,2489,1588,D29,1,,registration+package-row-snap,measurement,codex-photo-review,D29 lower ten-contact row; pin number follows notch-left component view and reflected solder row; owner continuity unmeasured
seed-component-D29-2,ref/photos/juku-pcb-2/PXL_20260710_200354648.jpg,2265,1438,D29,2,,registration+package-row-snap,measurement,codex-photo-review,D29 notch-left lower ten-contact row; physical pin count from left; owner continuity unmeasured
seed-solder-D29-2,ref/photos/juku-pcb-2/PXL_20260710_200509593.jpg,2441,1588,D29,2,,registration+package-row-snap,measurement,codex-photo-review,D29 lower ten-contact row; pin number follows notch-left component view and reflected solder row; owner continuity unmeasured
seed-component-D29-3,ref/photos/juku-pcb-2/PXL_20260710_200354648.jpg,2318,1438,D29,3,,registration+package-row-snap,measurement,codex-photo-review,D29 notch-left lower ten-contact row; physical pin count from left; owner continuity unmeasured
seed-solder-D29-3,ref/photos/juku-pcb-2/PXL_20260710_200509593.jpg,2393,1588,D29,3,,registration+package-row-snap,measurement,codex-photo-review,D29 lower ten-contact row; pin number follows notch-left component view and reflected solder row; owner continuity unmeasured
seed-component-D29-6,ref/photos/juku-pcb-2/PXL_20260710_200354648.jpg,2478,1438,D29,6,,registration+package-row-snap,measurement,codex-photo-review,D29 notch-left lower ten-contact row; physical pin count from left; owner continuity unmeasured
seed-solder-D29-6,ref/photos/juku-pcb-2/PXL_20260710_200509593.jpg,2249,1588,D29,6,,registration+package-row-snap,measurement,codex-photo-review,D29 lower ten-contact row; pin number follows notch-left component view and reflected solder row; owner continuity unmeasured
seed-component-D34-10,ref/photos/juku-pcb-2/PXL_20260710_200418174.jpg,3076.689,2268.175,D34,10,,registration-only,measurement,codex-photo-review,"D34 projections land on adjacent resistors, package bodies, and mounting-hole fields rather than a coherent pin row"
seed-solder-D34-10,ref/photos/juku-pcb-2/PXL_20260710_200522685.jpg,652.167,1996.018,D34,10,,registration-only,measurement,codex-photo-review,D34 solder projections lie near mounting holes and sparse junctions without unique package identity or destination
seed-component-D34-12,ref/photos/juku-pcb-2/PXL_20260710_200418174.jpg,3075.817,2160.297,D34,12,,registration-only,measurement,codex-photo-review,"D34 projections land on adjacent resistors, package bodies, and mounting-hole fields rather than a coherent pin row"
seed-solder-D34-12,ref/photos/juku-pcb-2/PXL_20260710_200522685.jpg,653.812,1887.733,D34,12,,registration-only,measurement,codex-photo-review,D34 solder projections lie near mounting holes and sparse junctions without unique package identity or destination
seed-component-D34-13,ref/photos/juku-pcb-2/PXL_20260710_200418174.jpg,3075.382,2106.397,D34,13,,registration-only,measurement,codex-photo-review,"D34 projections land on adjacent resistors, package bodies, and mounting-hole fields rather than a coherent pin row"
seed-solder-D34-13,ref/photos/juku-pcb-2/PXL_20260710_200522685.jpg,654.634,1833.656,D34,13,,registration-only,measurement,codex-photo-review,D34 solder projections lie near mounting holes and sparse junctions without unique package identity or destination
seed-component-D34-2,ref/photos/juku-pcb-2/PXL_20260710_200418174.jpg,2915.175,2108.475,D34,2,,registration-only,measurement,codex-photo-review,"D34 projections land on adjacent resistors, package bodies, and mounting-hole fields rather than a coherent pin row"
seed-solder-D34-2,ref/photos/juku-pcb-2/PXL_20260710_200522685.jpg,814.259,1834.809,D34,2,,registration-only,measurement,codex-photo-review,D34 solder projections lie near mounting holes and sparse junctions without unique package identity or destination
seed-component-D34-4,ref/photos/juku-pcb-2/PXL_20260710_200418174.jpg,2915.968,2216.298,D34,4,,registration-only,measurement,codex-photo-review,"D34 projections land on adjacent resistors, package bodies, and mounting-hole fields rather than a coherent pin row"
seed-solder-D34-4,ref/photos/juku-pcb-2/PXL_20260710_200522685.jpg,812.741,1943.068,D34,4,,registration-only,measurement,codex-photo-review,D34 solder projections lie near mounting holes and sparse junctions without unique package identity or destination
seed-component-D34-5,ref/photos/juku-pcb-2/PXL_20260710_200418174.jpg,2916.365,2270.249,D34,5,,registration-only,measurement,codex-photo-review,"D34 projections land on adjacent resistors, package bodies, and mounting-hole fields rather than a coherent pin row"
seed-solder-D34-5,ref/photos/juku-pcb-2/PXL_20260710_200522685.jpg,811.982,1997.262,D34,5,,registration-only,measurement,codex-photo-review,D34 solder projections lie near mounting holes and sparse junctions without unique package identity or destination
seed-component-D34-6,ref/photos/juku-pcb-2/PXL_20260710_200418174.jpg,2916.762,2324.226,D34,6,,registration-only,measurement,codex-photo-review,"D34 projections land on adjacent resistors, package bodies, and mounting-hole fields rather than a coherent pin row"
seed-solder-D34-6,ref/photos/juku-pcb-2/PXL_20260710_200522685.jpg,811.222,2051.500,D34,6,,registration-only,measurement,codex-photo-review,D34 solder projections lie near mounting holes and sparse junctions without unique package identity or destination
seed-component-D34-9,ref/photos/juku-pcb-2/PXL_20260710_200418174.jpg,3077.125,2322.154,D34,9,,registration-only,measurement,codex-photo-review,"D34 projections land on adjacent resistors, package bodies, and mounting-hole fields rather than a coherent pin row"
seed-solder-D34-9,ref/photos/juku-pcb-2/PXL_20260710_200522685.jpg,666.500,2029.500,D34,9,,registration+unique-hole-snap,measurement,codex-photo-review,D34 solder projections lie near mounting holes and sparse junctions without unique package identity or destination
seed-component-D38-1,ref/photos/juku-pcb-2/PXL_20260710_200415237.jpg,3256.925,2280.048,D38,1,,registration-only,measurement,codex-photo-review,"D38 projections lie entirely in parallel-trace fields, partly under a factory wire, with no package contact visible"
seed-solder-D38-1,ref/photos/juku-pcb-2/PXL_20260710_200522685.jpg,2244.000,1951.000,D38,1,,local-package-fit,measurement,codex-photo-review,"Promoted D38 solder field x2078/x2244 from local-package-registration.json; pin identity only, electrical copper departure remains unproved."
seed-component-D38-2,ref/photos/juku-pcb-2/PXL_20260710_200415237.jpg,3256.997,2333.508,D38,2,,registration-only,measurement,codex-photo-review,"D38 projections lie entirely in parallel-trace fields, partly under a factory wire, with no package contact visible"
seed-solder-D38-2,ref/photos/juku-pcb-2/PXL_20260710_200522685.jpg,2244.170,2007.000,D38,2,,local-package-fit,measurement,codex-photo-review,"Promoted D38 solder field x2078/x2244 from local-package-registration.json; pin identity only, electrical copper departure remains unproved."
seed-component-D38-4,ref/photos/juku-pcb-2/PXL_20260710_200445914.jpg,1571.127,667.052,D38,4,,registration-only,measurement,codex-photo-review,"D38 projections lie entirely in parallel-trace fields, partly under a factory wire, with no package contact visible"
seed-solder-D38-4,ref/photos/juku-pcb-2/PXL_20260710_200522685.jpg,2245.000,2119.000,D38,4,,local-package-fit,measurement,codex-photo-review,"Promoted D38 solder field x2078/x2244 from local-package-registration.json; pin identity only, electrical copper departure remains unproved."
seed-component-D38-5,ref/photos/juku-pcb-2/PXL_20260710_200445914.jpg,1570.579,722.756,D38,5,,registration-only,measurement,codex-photo-review,"D38 projections lie entirely in parallel-trace fields, partly under a factory wire, with no package contact visible"
seed-solder-D38-5,ref/photos/juku-pcb-2/PXL_20260710_200522685.jpg,2244.670,2175.000,D38,5,,local-package-fit,measurement,codex-photo-review,"Promoted D38 solder field x2078/x2244 from local-package-registration.json; pin identity only, electrical copper departure remains unproved."
seed-component-D40-1,ref/photos/juku-pcb-2/PXL_20260710_200418174.jpg,2756.000,1956.000,D40,1,,local-package-fit,measurement,codex-photo-review,Promoted local-package-registration.json anchor; old projected seed location rejected. Physical pin identity only; copper destination and connectivity remain unproved.
seed-solder-D40-1,ref/photos/juku-pcb-2/PXL_20260710_200522685.jpg,1753.101,1655.647,D40,1,,registration-only,measurement,codex-photo-review,D40 solder points lie in inter-row rail/junction fields; hole snaps lack matching component-side pin identity
seed-component-D40-10,ref/photos/juku-pcb-2/PXL_20260710_200418174.jpg,2417.429,2126.000,D40,10,,local-package-fit,measurement,codex-photo-review,Promoted complete package-row fit; old projected seed rejected. Physical pin identity only; copper destination and connectivity remain unproved.
seed-solder-D40-10,ref/photos/juku-pcb-2/PXL_20260710_200522685.jpg,1433.921,1491.569,D40,10,,registration-only,measurement,codex-photo-review,D40 solder points lie in inter-row rail/junction fields; hole snaps lack matching component-side pin identity
seed-component-D40-15,ref/photos/juku-pcb-2/PXL_20260710_200418174.jpg,2699.571,2126.000,D40,15,,local-package-fit,measurement,codex-photo-review,Promoted complete package-row fit; old projected seed rejected. Physical pin identity only; copper destination and connectivity remain unproved.
seed-solder-D40-15,ref/photos/juku-pcb-2/PXL_20260710_200522685.jpg,1704.500,1510.500,D40,15,,registration+unique-hole-snap,measurement,codex-photo-review,D40 solder points lie in inter-row rail/junction fields; hole snaps lack matching component-side pin identity
seed-component-D40-3,ref/photos/juku-pcb-2/PXL_20260710_200418174.jpg,2643.143,1956.000,D40,3,,local-package-fit,measurement,codex-photo-review,Promoted complete package-row fit; old projected seed rejected. Physical pin identity only; copper destination and connectivity remain unproved.
seed-solder-D40-3,ref/photos/juku-pcb-2/PXL_20260710_200522685.jpg,1646.119,1654.943,D40,3,,registration-only,measurement,codex-photo-review,D40 solder points lie in inter-row rail/junction fields; hole snaps lack matching component-side pin identity
seed-component-D40-4,ref/photos/juku-pcb-2/PXL_20260710_200418174.jpg,2586.714,1956.000,D40,4,,local-package-fit,measurement,codex-photo-review,Promoted complete package-row fit; old projected seed rejected. Physical pin identity only; copper destination and connectivity remain unproved.
seed-solder-D40-4,ref/photos/juku-pcb-2/PXL_20260710_200522685.jpg,1592.657,1654.591,D40,4,,registration-only,measurement,codex-photo-review,D40 solder points lie in inter-row rail/junction fields; hole snaps lack matching component-side pin identity
seed-component-D40-5,ref/photos/juku-pcb-2/PXL_20260710_200418174.jpg,2530.286,1956.000,D40,5,,local-package-fit,measurement,codex-photo-review,Promoted complete package-row fit; old projected seed rejected. Physical pin identity only; copper destination and connectivity remain unproved.
seed-solder-D40-5,ref/photos/juku-pcb-2/PXL_20260710_200522685.jpg,1539.215,1654.240,D40,5,,registration-only,measurement,codex-photo-review,D40 solder points lie in inter-row rail/junction fields; hole snaps lack matching component-side pin identity
seed-component-D40-6,ref/photos/juku-pcb-2/PXL_20260710_200418174.jpg,2473.857,1956.000,D40,6,,local-package-fit,measurement,codex-photo-review,Promoted complete package-row fit; old projected seed rejected. Physical pin identity only; copper destination and connectivity remain unproved.
seed-solder-D40-6,ref/photos/juku-pcb-2/PXL_20260710_200522685.jpg,1485.793,1653.889,D40,6,,registration-only,measurement,codex-photo-review,D40 solder points lie in inter-row rail/junction fields; hole snaps lack matching component-side pin identity
seed-component-D40-7,ref/photos/juku-pcb-2/PXL_20260710_200418174.jpg,2417.429,1956.000,D40,7,,local-package-fit,measurement,codex-photo-review,Promoted complete package-row fit; old projected seed rejected. Physical pin identity only; copper destination and connectivity remain unproved.
seed-solder-D40-7,ref/photos/juku-pcb-2/PXL_20260710_200522685.jpg,1432.391,1653.537,D40,7,,registration-only,measurement,codex-photo-review,D40 solder points lie in inter-row rail/junction fields; hole snaps lack matching component-side pin identity
seed-component-D40-9,ref/photos/juku-pcb-2/PXL_20260710_200418174.jpg,2361.000,2126.000,D40,9,,local-package-fit,measurement,codex-photo-review,Promoted local-package-registration.json anchor; old projected seed location rejected. Physical pin identity only; copper destination and connectivity remain unproved.
seed-solder-D40-9,ref/photos/juku-pcb-2/PXL_20260710_200522685.jpg,1369.500,1478.500,D40,9,,registration+unique-hole-snap,measurement,codex-photo-review,D40 solder points lie in inter-row rail/junction fields; hole snaps lack matching component-side pin identity
seed-component-D43-1,ref/photos/juku-pcb-2/PXL_20260710_200452717.MP.jpg,1843.834,2344.089,D43,1,,registration-only,measurement,codex-photo-review,D43 projections alternate between the package body and offset fanout rather than consistently identified contacts
seed-solder-D43-1,ref/photos/juku-pcb-2/PXL_20260710_200534267.jpg,1394.823,2605.415,D43,1,,registration-only,measurement,codex-photo-review,D43 solder projections lie on broad rails between physical rows with no unique pin landing
seed-component-D43-12,ref/photos/juku-pcb-2/PXL_20260710_200452717.MP.jpg,1959.704,2174.783,D43,12,,registration-only,measurement,codex-photo-review,D43 projections alternate between the package body and offset fanout rather than consistently identified contacts
seed-solder-D43-12,ref/photos/juku-pcb-2/PXL_20260710_200534267.jpg,1274.219,2416.789,D43,12,,registration-only,measurement,codex-photo-review,D43 solder projections lie on broad rails between physical rows with no unique pin landing
seed-component-D43-13,ref/photos/juku-pcb-2/PXL_20260710_200452717.MP.jpg,1902.887,2174.244,D43,13,,registration-only,measurement,codex-photo-review,D43 projections alternate between the package body and offset fanout rather than consistently identified contacts
seed-solder-D43-13,ref/photos/juku-pcb-2/PXL_20260710_200534267.jpg,1335.410,2417.294,D43,13,,registration-only,measurement,codex-photo-review,D43 solder projections lie on broad rails between physical rows with no unique pin landing
seed-component-D43-8,ref/photos/juku-pcb-2/PXL_20260710_200452717.MP.jpg,2186.885,2176.940,D43,8,,registration-only,measurement,codex-photo-review,D43 projections alternate between the package body and offset fanout rather than consistently identified contacts
seed-solder-D43-8,ref/photos/juku-pcb-2/PXL_20260710_200534267.jpg,1029.737,2414.772,D43,8,,registration-only,measurement,codex-photo-review,D43 solder projections lie on broad rails between physical rows with no unique pin landing
seed-component-D52-10,ref/photos/juku-pcb-2/PXL_20260710_200439607.jpg,1583.021,1722.911,D52,10,,registration-only,measurement,codex-photo-review,"D52 projections fall on package edges, adjacent resistor/covered parts, and bare holes rather than a coherent pin set"
seed-solder-D52-10,ref/photos/juku-pcb-2/PXL_20260710_200537608.jpg,1889.572,1369.811,D52,10,,registration-only,measurement,codex-photo-review,D52 solder points lie in sparse joint/trace fields; hole snaps lack a valid component-side package mapping
seed-component-D52-11,ref/photos/juku-pcb-2/PXL_20260710_200439607.jpg,1583.125,1667.019,D52,11,,registration-only,measurement,codex-photo-review,"D52 projections fall on package edges, adjacent resistor/covered parts, and bare holes rather than a coherent pin set"
seed-solder-D52-11,ref/photos/juku-pcb-2/PXL_20260710_200537608.jpg,1889.118,1309.791,D52,11,,registration-only,measurement,codex-photo-review,D52 solder points lie in sparse joint/trace fields; hole snaps lack a valid component-side package mapping
seed-component-D52-12,ref/photos/juku-pcb-2/PXL_20260710_200439607.jpg,1583.229,1611.131,D52,12,,registration-only,measurement,codex-photo-review,"D52 projections fall on package edges, adjacent resistor/covered parts, and bare holes rather than a coherent pin set"
seed-solder-D52-12,ref/photos/juku-pcb-2/PXL_20260710_200537608.jpg,1882.500,1264.500,D52,12,,registration+unique-hole-snap,measurement,codex-photo-review,D52 solder points lie in sparse joint/trace fields; hole snaps lack a valid component-side package mapping
seed-component-D52-13,ref/photos/juku-pcb-2/PXL_20260710_200439607.jpg,1583.334,1555.246,D52,13,,registration-only,measurement,codex-photo-review,"D52 projections fall on package edges, adjacent resistor/covered parts, and bare holes rather than a coherent pin set"
seed-solder-D52-13,ref/photos/juku-pcb-2/PXL_20260710_200537608.jpg,1888.209,1189.800,D52,13,,registration-only,measurement,codex-photo-review,D52 solder points lie in sparse joint/trace fields; hole snaps lack a valid component-side package mapping
seed-component-D52-14,ref/photos/juku-pcb-2/PXL_20260710_200439607.jpg,1583.438,1499.366,D52,14,,registration-only,measurement,codex-photo-review,"D52 projections fall on package edges, adjacent resistor/covered parts, and bare holes rather than a coherent pin set"
seed-solder-D52-14,ref/photos/juku-pcb-2/PXL_20260710_200537608.jpg,1886.500,1135.500,D52,14,,registration+unique-hole-snap,measurement,codex-photo-review,D52 solder points lie in sparse joint/trace fields; hole snaps lack a valid component-side package mapping
seed-component-D52-9,ref/photos/juku-pcb-2/PXL_20260710_200450127.jpg,1805.660,1387.983,D52,9,,registration-only,measurement,codex-photo-review,"D52 projections fall on package edges, adjacent resistor/covered parts, and bare holes rather than a coherent pin set"
seed-solder-D52-9,ref/photos/juku-pcb-2/PXL_20260710_200537608.jpg,1890.027,1429.847,D52,9,,registration-only,measurement,codex-photo-review,D52 solder points lie in sparse joint/trace fields; hole snaps lack a valid component-side package mapping
seed-component-D56-1,ref/photos/juku-pcb-2/PXL_20260710_200445914.jpg,3415.000,1380.000,D56,1,,local-package-fit,measurement,codex-photo-review,Corrected marked K155AG3 D56 component fit; old x2863..3052 points fell on adjacent D103. Pin position is a package contact only; electrical continuity is separately evidenced.
seed-solder-D56-1,ref/photos/juku-pcb-2/PXL_20260710_200530933.MP.jpg,807.000,536.000,D56,1,GND,local-package-fit+continuous-copper,accepted,codex-photo-review,Validated reflected D56 fit identifies pin 1 on the uninterrupted wide perimeter conductor that visibly returns along the left board edge to package-ground pin 8; an independent overlap repeats the same route
seed-component-D56-12,ref/photos/juku-pcb-2/PXL_20260710_200445914.jpg,3215.000,1128.571,D56,12,,local-package-fit,measurement,codex-photo-review,Corrected marked K155AG3 D56 component fit; old x2863..3052 points fell on adjacent D103. Pin position is a package contact only; electrical continuity is separately evidenced.
seed-solder-D56-12,ref/photos/juku-pcb-2/PXL_20260710_200530933.MP.jpg,993.103,279.241,D56,12,,local-package-fit,measurement,codex-photo-review,Validated reflected D56 fit replaces the displaced whole-board seed and identifies the physical solder joint; positions 150/159 do not by themselves prove installed continuity; local solder package fit establishes pad identity only; no electrical path accepted
seed-component-D56-13,ref/photos/juku-pcb-2/PXL_20260710_200445914.jpg,3215.000,1191.429,D56,13,,local-package-fit,measurement,codex-photo-review,Corrected marked K155AG3 D56 component fit; old x2863..3052 points fell on adjacent D103. Pin position is a package contact only; electrical continuity is separately evidenced.
seed-solder-D56-13,ref/photos/juku-pcb-2/PXL_20260710_200530933.MP.jpg,994.138,342.655,D56,13,,local-package-fit,measurement,codex-photo-review,Validated reflected D56 fit replaces the displaced whole-board seed and identifies the physical solder joint; positions 150/159 do not by themselves prove installed continuity; local solder package fit establishes pad identity only; no electrical path accepted
seed-component-D56-5,ref/photos/juku-pcb-2/PXL_20260710_200445914.jpg,3415.000,1128.571,D56,5,,local-package-fit,measurement,codex-photo-review,Corrected marked K155AG3 D56 component fit; old x2863..3052 points fell on adjacent D103. Pin position is a package contact only; electrical continuity is separately evidenced.
seed-solder-D56-5,ref/photos/juku-pcb-2/PXL_20260710_200530933.MP.jpg,802.862,282.345,D56,5,,local-package-fit,measurement,codex-photo-review,Validated reflected D56 fit replaces the displaced whole-board seed and identifies the physical solder joint; positions 150/159 do not by themselves prove installed continuity; local solder package fit establishes pad identity only; no electrical path accepted
seed-component-D56-9,ref/photos/juku-pcb-2/PXL_20260710_200445914.jpg,3215.000,940.000,D56,9,,local-package-fit,measurement,codex-photo-review,Corrected marked K155AG3 D56 component fit; old x2863..3052 points fell on adjacent D103. Pin position is a package contact only; electrical continuity is separately evidenced.
seed-solder-D56-9,ref/photos/juku-pcb-2/PXL_20260710_200530933.MP.jpg,990.000,89.000,D56,9,GND,local-package-fit+continuous-copper,accepted,codex-photo-review,Validated reflected D56 fit identifies pin 9 directly on the same uninterrupted upper copper rail as package-ground pin 8; an independent overlap repeats both contacts
seed-component-D41-11,ref/photos/juku-pcb-2/PXL_20260710_200418174.jpg,2034.500,2123.500,D41,11,,local-package-fit,measurement,codex-photo-review,Corrected local fit identifies QC/pin11 on the actual package; visible component copper leaves the lower row but its complete destination is not proved
seed-solder-D41-11,ref/photos/juku-pcb-2/PXL_20260710_200522685.jpg,2164.000,1785.000,D41,11,,local-package-fit,measurement,codex-photo-review,Promoted D41 solder package fit at x1999..2329; supersedes wrong-package x1451..1781 seed. Pin identity only; remote copper destination still requires proof.
seed-component-D42-11,ref/photos/juku-pcb-2/PXL_20260710_200452717.MP.jpg,1488.522,2159.134,D42,11,,registration-only,measurement,codex-photo-review,QC/pin11 identity follows the factory К555ИР16/74295 pin contract; current component photograph does not prove a complete destination or intentional NC
seed-solder-D42-11,ref/photos/juku-pcb-2/PXL_20260710_200534267.jpg,1782.487,2408.679,D42,11,,registration-only,measurement,codex-photo-review,QC/pin11 solder landing is registration-only and remains a continuity/NC-disposition item
seed-component-D43-11,ref/photos/juku-pcb-2/PXL_20260710_200452717.MP.jpg,2016.512,2175.323,D43,11,,registration-only,measurement,codex-photo-review,QC/pin11 identity follows the factory К555ИР16/74295 pin contract; current component photograph does not prove a complete destination or intentional NC
seed-solder-D43-11,ref/photos/juku-pcb-2/PXL_20260710_200534267.jpg,1213.057,2416.284,D43,11,,registration-only,measurement,codex-photo-review,QC/pin11 solder landing is registration-only and remains a continuity/NC-disposition item
seed-component-D10-12,ref/photos/juku-pcb-2/PXL_20260710_200415237.jpg,2733.077,1625.000,D10,12,,local-package-fit,measurement,codex-photo-review,Affine fit identifies the КР580ВН59 contact and its immediate component-side fanout; the available photograph does not prove a complete destination or intentional NC
seed-solder-D10-12,ref/photos/juku-pcb-2/PXL_20260710_200522685.jpg,3160.000,1355.000,D10,12,,local-package-fit,measurement,codex-photo-review,Reflected fourteen-joint lower row places pin 12 third from pin 14 at the left; endpoint only and no remote net promoted
seed-component-D10-13,ref/photos/juku-pcb-2/PXL_20260710_200415237.jpg,2788.538,1625.000,D10,13,,local-package-fit,measurement,codex-photo-review,Affine fit identifies the КР580ВН59 contact and its immediate component-side fanout; the available photograph does not prove a complete destination or intentional NC
seed-solder-D10-13,ref/photos/juku-pcb-2/PXL_20260710_200522685.jpg,3104.000,1355.000,D10,13,,local-package-fit,measurement,codex-photo-review,Reflected fourteen-joint lower row places pin 13 second from pin 14 at the left; endpoint only and no remote net promoted
seed-component-D10-15,ref/photos/juku-pcb-2/PXL_20260710_200415237.jpg,2844.000,1305.000,D10,15,,local-package-fit,measurement,codex-photo-review,Affine fit identifies the КР580ВН59 contact and its immediate component-side fanout; the available photograph does not prove a complete destination or intentional NC
seed-solder-D10-15,ref/photos/juku-pcb-2/PXL_20260710_200522685.jpg,3048.000,1028.000,D10,15,,local-package-fit,measurement,codex-photo-review,Reflected fourteen-joint upper row starts here at pin 15; endpoint only and no remote net promoted
seed-component-D10-16,ref/photos/juku-pcb-2/PXL_20260710_200415237.jpg,2788.538,1305.000,D10,16,,local-package-fit,measurement,codex-photo-review,Affine fit identifies the КР580ВН59 contact and its immediate component-side fanout; the available photograph does not prove a complete destination or intentional NC
seed-solder-D10-16,ref/photos/juku-pcb-2/PXL_20260710_200522685.jpg,3104.000,1028.000,D10,16,,local-package-fit,measurement,codex-photo-review,Reflected fourteen-joint upper row places pin 16 second from pin 15 at the left; endpoint only and no remote net promoted
seed-component-D10-20,ref/photos/juku-pcb-2/PXL_20260710_200415237.jpg,2566.692,1305.000,D10,20,,local-package-fit,measurement,codex-photo-review,Affine fit identifies the КР580ВН59 contact and its immediate component-side fanout; the available photograph does not prove a complete destination or intentional NC
seed-solder-D10-20,ref/photos/juku-pcb-2/PXL_20260710_200522685.jpg,3327.000,1028.000,D10,20,,local-package-fit,measurement,codex-photo-review,Reflected fourteen-joint upper row places pin 20 sixth from pin 15 at the left; endpoint only and no remote net promoted
seed-component-D10-21,ref/photos/juku-pcb-2/PXL_20260710_200415237.jpg,2511.231,1305.000,D10,21,,local-package-fit,measurement,codex-photo-review,Affine fit identifies the КР580ВН59 contact and its immediate component-side fanout; the available photograph does not prove a complete destination or intentional NC
seed-solder-D10-21,ref/photos/juku-pcb-2/PXL_20260710_200522685.jpg,3383.000,1028.000,D10,21,,local-package-fit,measurement,codex-photo-review,Reflected fourteen-joint upper row places pin 21 seventh from pin 15 at the left; endpoint only and no remote net promoted
seed-component-D11-14,ref/photos/juku-pcb-2/PXL_20260710_200415237.jpg,2183.497,886.437,D11,14,,registration-only,measurement,codex-photo-review,КР580ВВ51А/8251 standard pin contract identifies this omitted functional contact; the current component photograph does not prove its complete destination or intentional NC state
seed-solder-D11-14,ref/photos/juku-pcb-2/PXL_20260710_200506061.jpg,2705.000,2211.000,D11,14,,local-package-fit,measurement,codex-photo-review,Promoted local-package-registration.json anchor; old projected seed location rejected. Physical pin identity only; copper destination and connectivity remain unproved.
seed-component-D11-15,ref/photos/juku-pcb-2/PXL_20260710_200415237.jpg,2498.623,885.893,D11,15,,registration-only,measurement,codex-photo-review,КР580ВВ51А/8251 standard pin contract identifies this omitted functional contact; the current component photograph does not prove its complete destination or intentional NC state
seed-solder-D11-15,ref/photos/juku-pcb-2/PXL_20260710_200506061.jpg,2425.000,2211.000,D11,15,,local-package-fit,measurement,codex-photo-review,Promoted local-package-registration.json anchor; old projected seed location rejected. Physical pin identity only; copper destination and connectivity remain unproved.
seed-component-D11-16,ref/photos/juku-pcb-2/PXL_20260710_200415237.jpg,2498.746,833.288,D11,16,,registration-only,measurement,codex-photo-review,КР580ВВ51А/8251 standard pin contract identifies this omitted functional contact; the current component photograph does not prove its complete destination or intentional NC state
seed-solder-D11-16,ref/photos/juku-pcb-2/PXL_20260710_200506061.jpg,2425.000,2164.769,D11,16,,local-package-fit,measurement,codex-photo-review,Promoted complete package-row fit; old projected seed rejected. Physical pin identity only; copper destination and connectivity remain unproved.
seed-component-D11-17,ref/photos/juku-pcb-2/PXL_20260710_200358952.jpg,2281.356,2230.011,D11,17,,registration-only,measurement,codex-photo-review,КР580ВВ51А/8251 standard pin contract identifies this omitted functional contact; the current component photograph does not prove its complete destination or intentional NC state
seed-solder-D11-17,ref/photos/juku-pcb-2/PXL_20260710_200506061.jpg,2425.000,2118.538,D11,17,,local-package-fit,measurement,codex-photo-review,Promoted complete package-row fit; old projected seed rejected. Physical pin identity only; copper destination and connectivity remain unproved.
seed-component-D11-18,ref/photos/juku-pcb-2/PXL_20260710_200358952.jpg,2281.269,2178.181,D11,18,,registration-only,measurement,codex-photo-review,КР580ВВ51А/8251 standard pin contract identifies this omitted functional contact; the current component photograph does not prove its complete destination or intentional NC state
seed-solder-D11-18,ref/photos/juku-pcb-2/PXL_20260710_200506061.jpg,2425.000,2072.308,D11,18,,local-package-fit,measurement,codex-photo-review,Promoted complete package-row fit; old projected seed rejected. Physical pin identity only; copper destination and connectivity remain unproved.
seed-component-D11-20,ref/photos/juku-pcb-2/PXL_20260710_200358952.jpg,2281.096,2074.736,D11,20,,registration-only,measurement,codex-photo-review,КР580ВВ51А/8251 standard pin contract identifies this omitted functional contact; the current component photograph does not prove its complete destination or intentional NC state
seed-solder-D11-20,ref/photos/juku-pcb-2/PXL_20260710_200506061.jpg,2425.000,1979.846,D11,20,,local-package-fit,measurement,codex-photo-review,Promoted complete package-row fit; old projected seed rejected. Physical pin identity only; copper destination and connectivity remain unproved.
seed-component-D11-21,ref/photos/juku-pcb-2/PXL_20260710_200358952.jpg,2281.010,2023.120,D11,21,,registration-only,measurement,codex-photo-review,КР580ВВ51А/8251 standard pin contract identifies this omitted functional contact; the current component photograph does not prove its complete destination or intentional NC state
seed-solder-D11-21,ref/photos/juku-pcb-2/PXL_20260710_200506061.jpg,2425.000,1933.615,D11,21,,local-package-fit,measurement,codex-photo-review,Promoted complete package-row fit; old projected seed rejected. Physical pin identity only; copper destination and connectivity remain unproved.
seed-component-D11-22,ref/photos/juku-pcb-2/PXL_20260710_200358952.jpg,2280.924,1971.576,D11,22,,registration-only,measurement,codex-photo-review,КР580ВВ51А/8251 standard pin contract identifies this omitted functional contact; the current component photograph does not prove its complete destination or intentional NC state
seed-solder-D11-22,ref/photos/juku-pcb-2/PXL_20260710_200506061.jpg,2425.000,1887.385,D11,22,,local-package-fit,measurement,codex-photo-review,Promoted complete package-row fit; old projected seed rejected. Physical pin identity only; copper destination and connectivity remain unproved.
seed-component-D93-15,ref/photos/juku-pcb-2/PXL_20260710_202708344.jpg,1223.947,1786.421,D93,15,,local-package-fit,measurement,codex-photo-review,"Western Digital FD179X-01 primary datasheet identifies this drive-interface spring contact on the exposed КР1818ВГ93 socket; the socket body obscures component-side copper, so exact .009 overview joins HLT/pin23 to D99.4 Q1_N; the socket body obscures F.Cu and owner continuity remains unmeasured; local component fit establishes pad identity only"
seed-solder-D93-15,ref/photos/juku-pcb-2/PXL_20260710_200506061.jpg,1837.222,2140.278,D93,15,,local-package-fit,measurement,codex-photo-review,Reflected D93 fit identifies the exact solder joint and local copper; exact .009 overview joins HLT/pin23 to D99.4 Q1_N; available photos do not prove the target-board join; local solder fit establishes pad identity only
seed-component-D93-16,ref/photos/juku-pcb-2/PXL_20260710_202708344.jpg,1153.158,1784.737,D93,16,,local-package-fit,measurement,codex-photo-review,"Western Digital FD179X-01 primary datasheet identifies this drive-interface spring contact on the exposed КР1818ВГ93 socket; the socket body obscures component-side copper, so exact .009 overview joins HLT/pin23 to D99.4 Q1_N; the socket body obscures F.Cu and owner continuity remains unmeasured; local component fit establishes pad identity only"
seed-solder-D93-16,ref/photos/juku-pcb-2/PXL_20260710_200506061.jpg,1836.900,2187.317,D93,16,,local-package-fit,measurement,codex-photo-review,Reflected D93 fit identifies the exact solder joint and local copper; exact .009 overview joins HLT/pin23 to D99.4 Q1_N; available photos do not prove the target-board join; local solder fit establishes pad identity only
seed-component-D93-17,ref/photos/juku-pcb-2/PXL_20260710_202708344.jpg,1082.368,1783.053,D93,17,,local-package-fit,measurement,codex-photo-review,"Western Digital FD179X-01 primary datasheet identifies this drive-interface spring contact on the exposed КР1818ВГ93 socket; the socket body obscures component-side copper, so exact .009 overview joins HLT/pin23 to D99.4 Q1_N; the socket body obscures F.Cu and owner continuity remains unmeasured; local component fit establishes pad identity only"
seed-solder-D93-17,ref/photos/juku-pcb-2/PXL_20260710_200506061.jpg,1836.578,2234.356,D93,17,,local-package-fit,measurement,codex-photo-review,Reflected D93 fit identifies the exact solder joint and local copper; exact .009 overview joins HLT/pin23 to D99.4 Q1_N; available photos do not prove the target-board join; local solder fit establishes pad identity only
seed-component-D93-18,ref/photos/juku-pcb-2/PXL_20260710_202708344.jpg,1011.579,1781.368,D93,18,,local-package-fit,measurement,codex-photo-review,"Western Digital FD179X-01 primary datasheet identifies this drive-interface spring contact on the exposed КР1818ВГ93 socket; the socket body obscures component-side copper, so exact .009 overview joins HLT/pin23 to D99.4 Q1_N; the socket body obscures F.Cu and owner continuity remains unmeasured; local component fit establishes pad identity only"
seed-solder-D93-18,ref/photos/juku-pcb-2/PXL_20260710_200506061.jpg,1836.256,2281.394,D93,18,,local-package-fit,measurement,codex-photo-review,Reflected D93 fit identifies the exact solder joint and local copper; exact .009 overview joins HLT/pin23 to D99.4 Q1_N; available photos do not prove the target-board join; local solder fit establishes pad identity only
seed-component-D93-22,ref/photos/juku-pcb-2/PXL_20260710_202708344.jpg,931.789,2170.684,D93,22,,local-package-fit,measurement,codex-photo-review,"Western Digital FD179X-01 primary datasheet identifies this drive-interface spring contact on the exposed КР1818ВГ93 socket; the socket body obscures component-side copper, so exact .009 overview joins HLT/pin23 to D99.4 Q1_N; the socket body obscures F.Cu and owner continuity remains unmeasured; local component fit establishes pad identity only"
seed-solder-D93-22,ref/photos/juku-pcb-2/PXL_20260710_200506061.jpg,1553.700,2326.500,D93,22,,local-package-fit,measurement,codex-photo-review,Reflected D93 fit identifies the exact solder joint and local copper; exact .009 overview joins HLT/pin23 to D99.4 Q1_N; available photos do not prove the target-board join; local solder fit establishes pad identity only
seed-component-D93-23,ref/photos/juku-pcb-2/PXL_20260710_202708344.jpg,1002.579,2172.368,D93,23,D99_Q1N_BOUNDARY,local-package-fit,measurement,codex-photo-review,"Western Digital FD179X-01 primary datasheet identifies this drive-interface spring contact on the exposed КР1818ВГ93 socket; the socket body obscures component-side copper, so exact .009 overview joins HLT/pin23 to D99.4 Q1_N; the socket body obscures F.Cu and owner continuity remains unmeasured; local component fit establishes pad identity only"
seed-solder-D93-23,ref/photos/juku-pcb-2/PXL_20260710_200506061.jpg,1554.022,2279.461,D93,23,D99_Q1N_BOUNDARY,local-package-fit,measurement,codex-photo-review,Reflected D93 fit identifies the exact solder joint and local copper; exact .009 overview joins HLT/pin23 to D99.4 Q1_N; available photos do not prove the target-board join; local solder fit establishes pad identity only
seed-component-D93-25,ref/photos/juku-pcb-2/PXL_20260710_202708344.jpg,1144.158,2175.737,D93,25,,local-package-fit,measurement,codex-photo-review,"Western Digital FD179X-01 primary datasheet identifies this drive-interface spring contact on the exposed КР1818ВГ93 socket; the socket body obscures component-side copper, so exact .009 overview joins HLT/pin23 to D99.4 Q1_N; the socket body obscures F.Cu and owner continuity remains unmeasured; local component fit establishes pad identity only"
seed-solder-D93-25,ref/photos/juku-pcb-2/PXL_20260710_200506061.jpg,1554.667,2185.383,D93,25,,local-package-fit,measurement,codex-photo-review,Reflected D93 fit identifies the exact solder joint and local copper; exact .009 overview joins HLT/pin23 to D99.4 Q1_N; available photos do not prove the target-board join; local solder fit establishes pad identity only
seed-component-D93-26,ref/photos/juku-pcb-2/PXL_20260710_202708344.jpg,1214.947,2177.421,D93,26,,local-package-fit,measurement,codex-photo-review,"Western Digital FD179X-01 primary datasheet identifies this drive-interface spring contact on the exposed КР1818ВГ93 socket; the socket body obscures component-side copper, so exact .009 overview joins HLT/pin23 to D99.4 Q1_N; the socket body obscures F.Cu and owner continuity remains unmeasured; local component fit establishes pad identity only"
seed-solder-D93-26,ref/photos/juku-pcb-2/PXL_20260710_200506061.jpg,1554.989,2138.344,D93,26,FDC_RCLK,local-package-fit,accepted,codex-photo-review,"Accepted cross-package net: the exact D93.26 RCLK solder joint joins the same uninterrupted slightly sloped trace that reaches fitted D106.7 Q3 at (1154.329,2131.000); raw-image review shows no gap, via, or branch between contacts; the destination is unique"
seed-component-D93-27,ref/photos/juku-pcb-2/PXL_20260710_202708344.jpg,1285.737,2179.105,D93,27,,local-package-fit,measurement,codex-photo-review,"Western Digital FD179X-01 primary datasheet identifies this drive-interface spring contact on the exposed КР1818ВГ93 socket; the socket body obscures component-side copper, so exact .009 overview joins HLT/pin23 to D99.4 Q1_N; the socket body obscures F.Cu and owner continuity remains unmeasured; local component fit establishes pad identity only"
seed-solder-D93-27,ref/photos/juku-pcb-2/PXL_20260710_200506061.jpg,1555.311,2091.306,D93,27,,local-package-fit,measurement,codex-photo-review,"Reflected D93 fit identifies RAW_READ/pin27; calibrated raw-crop review shows no uninterrupted same-layer path to D106.11 at (1016.633,2084.087), so the Soviet-reference candidate remains a cross-layer continuity test rather than a promoted net; local solder package fit establishes pad identity only; no electrical path accepted"
seed-component-D93-28,ref/photos/juku-pcb-2/PXL_20260710_202708344.jpg,1356.526,2180.789,D93,28,,local-package-fit,measurement,codex-photo-review,"Western Digital FD179X-01 primary datasheet identifies this drive-interface spring contact on the exposed КР1818ВГ93 socket; the socket body obscures component-side copper, so exact .009 overview joins HLT/pin23 to D99.4 Q1_N; the socket body obscures F.Cu and owner continuity remains unmeasured; local component fit establishes pad identity only"
seed-solder-D93-28,ref/photos/juku-pcb-2/PXL_20260710_200506061.jpg,1555.633,2044.267,D93,28,,local-package-fit,measurement,codex-photo-review,Reflected D93 fit identifies the exact solder joint and local copper; exact .009 overview joins HLT/pin23 to D99.4 Q1_N; available photos do not prove the target-board join; local solder fit establishes pad identity only
seed-component-D93-29,ref/photos/juku-pcb-2/PXL_20260710_202708344.jpg,1427.316,2182.474,D93,29,,local-package-fit,measurement,codex-photo-review,"Western Digital FD179X-01 primary datasheet identifies this drive-interface spring contact on the exposed КР1818ВГ93 socket; the socket body obscures component-side copper, so exact .009 overview joins HLT/pin23 to D99.4 Q1_N; the socket body obscures F.Cu and owner continuity remains unmeasured; local component fit establishes pad identity only"
seed-solder-D93-29,ref/photos/juku-pcb-2/PXL_20260710_200506061.jpg,1555.956,1997.228,D93,29,,local-package-fit,measurement,codex-photo-review,Reflected D93 fit identifies the exact solder joint and local copper; exact .009 overview joins HLT/pin23 to D99.4 Q1_N; available photos do not prove the target-board join; local solder fit establishes pad identity only
seed-component-D93-30,ref/photos/juku-pcb-2/PXL_20260710_202708344.jpg,1498.105,2184.158,D93,30,,local-package-fit,measurement,codex-photo-review,"Western Digital FD179X-01 primary datasheet identifies this drive-interface spring contact on the exposed КР1818ВГ93 socket; the socket body obscures component-side copper, so exact .009 overview joins HLT/pin23 to D99.4 Q1_N; the socket body obscures F.Cu and owner continuity remains unmeasured; local component fit establishes pad identity only"
seed-solder-D93-30,ref/photos/juku-pcb-2/PXL_20260710_200506061.jpg,1556.278,1950.189,D93,30,,local-package-fit,measurement,codex-photo-review,Reflected D93 fit identifies the exact solder joint and local copper; exact .009 overview joins HLT/pin23 to D99.4 Q1_N; available photos do not prove the target-board join; local solder fit establishes pad identity only
seed-component-D93-31,ref/photos/juku-pcb-2/PXL_20260710_202708344.jpg,1568.895,2185.842,D93,31,,local-package-fit,measurement,codex-photo-review,"Western Digital FD179X-01 primary datasheet identifies this drive-interface spring contact on the exposed КР1818ВГ93 socket; the socket body obscures component-side copper, so exact .009 overview joins HLT/pin23 to D99.4 Q1_N; the socket body obscures F.Cu and owner continuity remains unmeasured; local component fit establishes pad identity only"
seed-solder-D93-31,ref/photos/juku-pcb-2/PXL_20260710_200506061.jpg,1556.600,1903.150,D93,31,,local-package-fit,measurement,codex-photo-review,Reflected D93 fit identifies the exact solder joint and local copper; exact .009 overview joins HLT/pin23 to D99.4 Q1_N; available photos do not prove the target-board join; local solder fit establishes pad identity only
seed-component-D93-32,ref/photos/juku-pcb-2/PXL_20260710_202708344.jpg,1639.684,2187.526,D93,32,,local-package-fit,measurement,codex-photo-review,"Western Digital FD179X-01 primary datasheet identifies this drive-interface spring contact on the exposed КР1818ВГ93 socket; the socket body obscures component-side copper, so exact .009 overview joins HLT/pin23 to D99.4 Q1_N; the socket body obscures F.Cu and owner continuity remains unmeasured; local component fit establishes pad identity only"
seed-solder-D93-32,ref/photos/juku-pcb-2/PXL_20260710_200506061.jpg,1556.922,1856.111,D93,32,,local-package-fit,measurement,codex-photo-review,Reflected D93 fit identifies the exact solder joint and local copper; exact .009 overview joins HLT/pin23 to D99.4 Q1_N; available photos do not prove the target-board join; local solder fit establishes pad identity only
seed-component-D93-33,ref/photos/juku-pcb-2/PXL_20260710_202708344.jpg,1710.474,2189.211,D93,33,,local-package-fit,measurement,codex-photo-review,"Western Digital FD179X-01 primary datasheet identifies this drive-interface spring contact on the exposed КР1818ВГ93 socket; the socket body obscures component-side copper, so exact .009 overview joins HLT/pin23 to D99.4 Q1_N; the socket body obscures F.Cu and owner continuity remains unmeasured; local component fit establishes pad identity only"
seed-solder-D93-33,ref/photos/juku-pcb-2/PXL_20260710_200506061.jpg,1557.244,1809.072,D93,33,,local-package-fit,measurement,codex-photo-review,"Reflected D93 fit identifies WF_VFOE/pin33 on its local solder copper; calibrated raw-crop review shows no uninterrupted same-layer path to D106.14 at (1017.546,1946.087), so the Soviet-reference candidate remains a cross-layer continuity test rather than a promoted net; local solder package fit establishes pad identity only; no electrical path accepted"
seed-component-D93-34,ref/photos/juku-pcb-2/PXL_20260710_202708344.jpg,1781.263,2190.895,D93,34,,local-package-fit,measurement,codex-photo-review,"Western Digital FD179X-01 primary datasheet identifies this drive-interface spring contact on the exposed КР1818ВГ93 socket; the socket body obscures component-side copper, so exact .009 overview joins HLT/pin23 to D99.4 Q1_N; the socket body obscures F.Cu and owner continuity remains unmeasured; local component fit establishes pad identity only"
seed-solder-D93-34,ref/photos/juku-pcb-2/PXL_20260710_200506061.jpg,1557.567,1762.033,D93,34,,local-package-fit,measurement,codex-photo-review,Reflected D93 fit identifies the exact solder joint and local copper; exact .009 overview joins HLT/pin23 to D99.4 Q1_N; available photos do not prove the target-board join; local solder fit establishes pad identity only
seed-component-D93-35,ref/photos/juku-pcb-2/PXL_20260710_202708344.jpg,1852.053,2192.579,D93,35,,local-package-fit,measurement,codex-photo-review,"Western Digital FD179X-01 primary datasheet identifies this drive-interface spring contact on the exposed КР1818ВГ93 socket; the socket body obscures component-side copper, so exact .009 overview joins HLT/pin23 to D99.4 Q1_N; the socket body obscures F.Cu and owner continuity remains unmeasured; local component fit establishes pad identity only"
seed-solder-D93-35,ref/photos/juku-pcb-2/PXL_20260710_200506061.jpg,1557.889,1714.994,D93,35,,local-package-fit,measurement,codex-photo-review,Reflected D93 fit identifies the exact solder joint and local copper; exact .009 overview joins HLT/pin23 to D99.4 Q1_N; available photos do not prove the target-board join; local solder fit establishes pad identity only
seed-component-D93-36,ref/photos/juku-pcb-2/PXL_20260710_202708344.jpg,1922.842,2194.263,D93,36,,local-package-fit,measurement,codex-photo-review,"Western Digital FD179X-01 primary datasheet identifies this drive-interface spring contact on the exposed КР1818ВГ93 socket; the socket body obscures component-side copper, so exact .009 overview joins HLT/pin23 to D99.4 Q1_N; the socket body obscures F.Cu and owner continuity remains unmeasured; local component fit establishes pad identity only"
seed-solder-D93-36,ref/photos/juku-pcb-2/PXL_20260710_200506061.jpg,1558.211,1667.956,D93,36,,local-package-fit,measurement,codex-photo-review,Reflected D93 fit identifies the exact solder joint and local copper; exact .009 overview joins HLT/pin23 to D99.4 Q1_N; available photos do not prove the target-board join; local solder fit establishes pad identity only
seed-component-D93-40,ref/photos/juku-pcb-2/PXL_20260710_202708344.jpg,2206.000,2201.000,D93,40,,local-package-fit,measurement,codex-photo-review,"FD179X-01 defines D93.40 as the +12 V VDD supply; the corrected exposed-socket fit identifies the spring contact, while P12V continuity remains unproved; local component package fit establishes pad identity only; no electrical path accepted"
seed-solder-D93-40,ref/photos/juku-pcb-2/PXL_20260710_200506061.jpg,1559.500,1479.800,D93,40,,local-package-fit,measurement,codex-photo-review,Corrected two-column D93 orientation identifies VDD_12V/pin40 on the opposite top solder joint; the former westbound +12 V photo chase started from a falsely projected pad and is withdrawn; local solder package fit establishes pad identity only; no electrical path accepted
seed-component-D53-10,ref/photos/juku-pcb-2/PXL_20260710_200445914.jpg,1603.871,1870.033,D53,10,,registration-only,measurement,codex-photo-review,ИД7/74138 package identity proves Y7/Y6/Y5/Y4 pin identities; registered component-side landing does not prove a destination or intentional NC state
seed-solder-D53-10,ref/photos/juku-pcb-2/PXL_20260710_200530933.MP.jpg,2157.908,1153.855,D53,10,,registration-only,measurement,codex-photo-review,Registered solder-side landing identifies the ИД7 output pad; available imagery does not prove complete copper continuity or intentional NC state
seed-component-D53-11,ref/photos/juku-pcb-2/PXL_20260710_200445914.jpg,1604.415,1813.911,D53,11,,registration-only,measurement,codex-photo-review,ИД7/74138 package identity proves Y7/Y6/Y5/Y4 pin identities; registered component-side landing does not prove a destination or intentional NC state
seed-solder-D53-11,ref/photos/juku-pcb-2/PXL_20260710_200530933.MP.jpg,2157.640,1094.011,D53,11,,registration-only,measurement,codex-photo-review,Registered solder-side landing identifies the ИД7 output pad; available imagery does not prove complete copper continuity or intentional NC state
seed-component-D53-7,ref/photos/juku-pcb-2/PXL_20260710_200445914.jpg,1435.675,1870.372,D53,7,,registration-only,measurement,codex-photo-review,ИД7/74138 package identity proves Y7/Y6/Y5/Y4 pin identities; registered component-side landing does not prove a destination or intentional NC state
seed-solder-D53-7,ref/photos/juku-pcb-2/PXL_20260710_200530933.MP.jpg,2335.743,1154.833,D53,7,,registration-only,measurement,codex-photo-review,Registered solder-side landing identifies the ИД7 output pad; available imagery does not prove complete copper continuity or intentional NC state
seed-component-D53-9,ref/photos/juku-pcb-2/PXL_20260710_200455512.jpg,1680.688,1216.292,D53,9,,registration-only,measurement,codex-photo-review,ИД7/74138 package identity proves Y7/Y6/Y5/Y4 pin identities; registered component-side landing does not prove a destination or intentional NC state
seed-solder-D53-9,ref/photos/juku-pcb-2/PXL_20260710_200530933.MP.jpg,2158.177,1213.769,D53,9,,registration-only,measurement,codex-photo-review,Registered solder-side landing identifies the ИД7 output pad; available imagery does not prove complete copper continuity or intentional NC state
seed-component-D3-3,ref/photos/juku-pcb-2/PXL_20260710_200415237.jpg,2682.037,1127.318,D3,3,,registration-only,measurement,codex-photo-review,К561ЛН2 package identity proves the standard inverter pin identities; registered component landing does not prove a destination or intentional NC state
seed-solder-D3-3,ref/photos/juku-pcb-2/PXL_20260710_200522685.jpg,2748.866,906.517,D3,3,,registration-only,measurement,codex-photo-review,Registered solder landing identifies the К561ЛН2 package pad; available imagery does not prove complete continuity or intentional NC state
seed-component-D3-4,ref/photos/juku-pcb-2/PXL_20260710_200415237.jpg,2681.961,1180.100,D3,4,,registration-only,measurement,codex-photo-review,К561ЛН2 package identity proves the standard inverter pin identities; registered component landing does not prove a destination or intentional NC state
seed-solder-D3-4,ref/photos/juku-pcb-2/PXL_20260710_200522685.jpg,2748.883,960.236,D3,4,,registration-only,measurement,codex-photo-review,Registered solder landing identifies the К561ЛН2 package pad; available imagery does not prove complete continuity or intentional NC state
seed-component-D3-5,ref/photos/juku-pcb-2/PXL_20260710_200415237.jpg,2681.885,1232.909,D3,5,,registration-only,measurement,codex-photo-review,К561ЛН2 package identity proves the standard inverter pin identities; registered component landing does not prove a destination or intentional NC state
seed-solder-D3-5,ref/photos/juku-pcb-2/PXL_20260710_200522685.jpg,2748.900,1013.998,D3,5,,registration-only,measurement,codex-photo-review,Registered solder landing identifies the К561ЛН2 package pad; available imagery does not prove complete continuity or intentional NC state
seed-component-D3-6,ref/photos/juku-pcb-2/PXL_20260710_200415237.jpg,2681.808,1285.745,D3,6,,registration-only,measurement,codex-photo-review,К561ЛН2 package identity proves the standard inverter pin identities; registered component landing does not prove a destination or intentional NC state
seed-solder-D3-6,ref/photos/juku-pcb-2/PXL_20260710_200522685.jpg,2748.917,1067.803,D3,6,,registration-only,measurement,codex-photo-review,Registered solder landing identifies the К561ЛН2 package pad; available imagery does not prove complete continuity or intentional NC state
seed-component-D3-8,ref/photos/juku-pcb-2/PXL_20260710_200415237.jpg,2840.005,1338.530,D3,8,,registration-only,measurement,codex-photo-review,К561ЛН2 package identity proves the standard inverter pin identities; registered component landing does not prove a destination or intentional NC state
seed-solder-D3-8,ref/photos/juku-pcb-2/PXL_20260710_200522685.jpg,2588.031,1120.892,D3,8,,registration-only,measurement,codex-photo-review,Registered solder landing identifies the К561ЛН2 package pad; available imagery does not prove complete continuity or intentional NC state
seed-component-D3-9,ref/photos/juku-pcb-2/PXL_20260710_200415237.jpg,2840.041,1285.644,D3,9,,registration-only,measurement,codex-photo-review,К561ЛН2 package identity proves the standard inverter pin identities; registered component landing does not prove a destination or intentional NC state
seed-solder-D3-9,ref/photos/juku-pcb-2/PXL_20260710_200522685.jpg,2588.079,1067.074,D3,9,,registration-only,measurement,codex-photo-review,Registered solder landing identifies the К561ЛН2 package pad; available imagery does not prove complete continuity or intentional NC state
seed-component-D59-5,ref/photos/juku-pcb-2/PXL_20260710_200452717.MP.jpg,884.182,2279.179,D59,5,,registration-only,measurement,codex-photo-review,К531ЛН1 package identity proves the standard inverter pin identities; registered component landing does not prove a destination or intentional NC state
seed-solder-D59-5,ref/photos/juku-pcb-2/PXL_20260710_200537608.jpg,747.441,2393.735,D59,5,,registration-only,measurement,codex-photo-review,Registered solder landing identifies the К531ЛН1 package pad; available imagery does not prove complete continuity or intentional NC state
seed-component-D59-6,ref/photos/juku-pcb-2/PXL_20260710_200452717.MP.jpg,941.193,2279.712,D59,6,,registration-only,measurement,codex-photo-review,К531ЛН1 package identity proves the standard inverter pin identities; registered component landing does not prove a destination or intentional NC state
seed-solder-D59-6,ref/photos/juku-pcb-2/PXL_20260710_200537608.jpg,686.564,2394.202,D59,6,,registration-only,measurement,codex-photo-review,Registered solder landing identifies the К531ЛН1 package pad; available imagery does not prove complete continuity or intentional NC state
seed-component-D59-8,ref/photos/juku-pcb-2/PXL_20260710_200452717.MP.jpg,1001.266,2109.785,D59,8,,registration-only,measurement,codex-photo-review,К531ЛН1 package identity proves the standard inverter pin identities; registered component landing does not prove a destination or intentional NC state
seed-solder-D59-8,ref/photos/juku-pcb-2/PXL_20260710_200534267.jpg,2309.996,2363.736,D59,8,,registration-only,measurement,codex-photo-review,Registered solder landing identifies the К531ЛН1 package pad; available imagery does not prove complete continuity or intentional NC state
seed-component-D59-9,ref/photos/juku-pcb-2/PXL_20260710_200452717.MP.jpg,944.321,2109.240,D59,9,,registration-only,measurement,codex-photo-review,К531ЛН1 package identity proves the standard inverter pin identities; registered component landing does not prove a destination or intentional NC state
seed-solder-D59-9,ref/photos/juku-pcb-2/PXL_20260710_200534267.jpg,2371.620,2364.230,D59,9,,registration-only,measurement,codex-photo-review,Registered solder landing identifies the К531ЛН1 package pad; available imagery does not prove complete continuity or intentional NC state
wire17-component-A17-1,ref/photos/juku-pcb-2/PXL_20260710_200358952.jpg,914.000,1154.000,A17,1,RES_RC,registration+unique-hole-snap,accepted,codex-photo-review,Direct component view shows the white factory wire on the uniquely printed А:17 tinned landing; sheets 2-5 row 11 independently identifies its far end as bracket switch S1.1.
wire17-solder-A17-1,ref/photos/juku-pcb-2/PXL_20260710_200509593.jpg,2145.000,1155.000,A17,1,RES_RC,registration+unique-hole-snap,accepted,codex-photo-review,Mirrored solder view shows the same uniquely printed 17 joint and its local copper; transfer from the adjacent documented mounting hole matches the component landing.
right-edge-component-R100-1,ref/photos/juku-pcb-2/PXL_20260710_200418174.jpg,3294.000,1064.000,R100,1,C19_1_R100_1_BOUNDARY,registration+visible-common-landing,accepted,codex-photo-review,July component view fixes the upper resistor left joint on the same landing as C19.1.
right-edge-component-R102-1,ref/photos/juku-pcb-2/PXL_20260710_200418174.jpg,3317.000,1142.000,R102,1,R102_1_BOUNDARY,registration+unique-joint,measurement,codex-photo-review,July component view fixes the second resistor left joint; independent May component and registered solder views expose no unique remote continuation.
right-edge-component-R108-1,ref/photos/juku-pcb-2/PXL_20260710_200418174.jpg,3325.000,1217.000,R108,1,R108_1_BOUNDARY,registration+unique-joint,measurement,codex-photo-review,July component view fixes the third resistor left joint; independent May component and registered solder views expose no unique remote continuation.
right-edge-component-R86-1,ref/photos/juku-pcb-2/PXL_20260710_200418174.jpg,3320.000,1276.000,R86,1,C19_2_R86_1_BOUNDARY,registration+visible-common-landing,accepted,codex-photo-review,July component view fixes the lowest resistor left joint on the same landing as C19.2.
right-edge-solder-C19-1,ref/photos/juku-pcb-2/PXL_20260710_200522685.jpg,875.000,712.000,C19,1,C19_1_R100_1_BOUNDARY,cross-side-registration,accepted,codex-photo-review,Corrected upper-pad1 mapping; the earlier C19 joint coordinate array contained the same two physical joints in reverse pad order.
right-edge-solder-C19-2,ref/photos/juku-pcb-2/PXL_20260710_200522685.jpg,823.000,893.000,C19,2,C19_2_R86_1_BOUNDARY,cross-side-registration,accepted,codex-photo-review,Corrected lower-pad2 mapping; the earlier C19 joint coordinate array contained the same two physical joints in reverse pad order.
r94-component-a-R94-2,ref/photos/juku-pcb-2/PXL_20260710_200402344.jpg,2990.000,2000.000,UNASSIGNED_220_NEAR_D98,?,,panorama-projected-region,rejected,codex-photo-review,Retained photo point for the 220-ohm body formerly called R94; owner inspection 2026-07-20 locates actual R94 above D28; so this identity and endpoint assignment are superseded.
r94-component-b-R94-2,ref/photos/juku-pcb-2/PXL_20260710_200418174.jpg,2937.000,460.000,UNASSIGNED_220_NEAR_D98,?,,panorama-projected-region,rejected,codex-photo-review,Independent retained view of the unassigned 220-ohm body; not R94.
r94-solder-a-R94-2,ref/photos/juku-pcb-2/PXL_20260710_200506061.jpg,455.000,1769.000,UNASSIGNED_220_NEAR_D98,?,,panorama-projected-region,rejected,codex-photo-review,Retained registered region for the unassigned 220-ohm body; no endpoint is promoted.
r94-solder-b-R94-2,ref/photos/juku-pcb-2/PXL_20260710_200522685.jpg,756.000,222.000,UNASSIGNED_220_NEAR_D98,?,,panorama-projected-region,rejected,codex-photo-review,Independent retained registered region for the unassigned 220-ohm body; no endpoint is promoted.
vt2-component-a-VT2-1,ref/photos/juku-pcb-2/PXL_20260710_200418174.jpg,3035.000,1964.000,VT2,1,VIDEO_OUT,registration+visible-common-landing,accepted,codex-photo-review,Emitter lead of the yellow Б/8901 КТ315 body and R65.1 terminate in one directly visible component-side solder pool.
vt2-component-a-VT2-2,ref/photos/juku-pcb-2/PXL_20260710_200418174.jpg,3065.000,2023.000,VT2,2,P5V,registration+three-lead-identity,accepted,codex-photo-review,Middle collector lead is separately visible; native VT2 E-C-B pin order assigns it to the +5 V collector rail.
vt2-component-a-VT2-3,ref/photos/juku-pcb-2/PXL_20260710_200418174.jpg,3029.000,2083.000,VT2,3,VT2_BASE,registration+three-lead-identity,accepted,codex-photo-review,Base lead reaches the lower component-side lap joint; native video-stage topology assigns it to VT2_BASE.
vt2-component-b-VT2-1,ref/photos/juku-pcb-2/PXL_20260710_200445914.jpg,3091.000,91.000,VT2,1,VIDEO_OUT,registration+visible-common-landing,accepted,codex-photo-review,Overlapping July tile independently confirms the VT2 emitter and R65.1 common landing.
vt2-component-b-VT2-3,ref/photos/juku-pcb-2/PXL_20260710_200445914.jpg,3091.000,206.000,VT2,3,VT2_BASE,registration+three-lead-identity,accepted,codex-photo-review,Overlapping July tile independently resolves the lower outer VT2 lead.
vt2-solder-projection-VT2-1,ref/photos/juku-pcb-2/PXL_20260710_200522685.jpg,1204.200,733.700,VT2,1,VIDEO_OUT,cross-side-registration,measurement,codex-photo-review,D102-local cross-side projection lands on backside copper without an annulus drill or solder joint corroborating a component-side lap joint.
vt2-solder-projection-VT2-2,ref/photos/juku-pcb-2/PXL_20260710_200522685.jpg,1176.100,674.800,VT2,2,P5V,cross-side-registration,measurement,codex-photo-review,D102-local cross-side projection lands on backside copper without an annulus drill or solder joint corroborating a component-side lap joint.
vt2-solder-projection-VT2-3,ref/photos/juku-pcb-2/PXL_20260710_200522685.jpg,1213.100,616.700,VT2,3,VT2_BASE,cross-side-registration,measurement,codex-photo-review,D102-local cross-side projection lands on backside copper without an annulus drill or solder joint corroborating a component-side lap joint.
r67-component-R67-2,ref/photos/juku-pcb-2/PXL_20260710_200418174.jpg,3321.000,1698.000,R67,2,R67_2_BOUNDARY,registration+unique-joint,measurement,codex-photo-review,Registered component view exposes the upper physical R67 lead ending in a distinct solder pool with no visible onward copper.
r67-solder-local-R67-2,ref/photos/juku-pcb-2/PXL_20260710_200522685.jpg,916.000,988.000,R67,2,R67_2_BOUNDARY,cross-side-registration,measurement,codex-photo-review,Fourteen paired D102 pins project the component joint here; the location is a bare copper corner without annulus drill solder joint or other inter-layer handoff.
r67-solder-overlap-R67-2,ref/photos/juku-pcb-2/PXL_20260710_200506061.jpg,597.000,2430.000,R67,2,R67_2_BOUNDARY,cross-side-registration,measurement,codex-photo-review,Panorama transfer from the D102-local cross-side point lands on the same bare trace corner in the overlapping solder tile; no via proves connection.
x6-component-AX603-1,ref/photos/juku-pcb-2/PXL_20260710_200418174.jpg,3036.000,1816.000,AX603,1,X6_A3_BOUNDARY,registration+separate-cable-joint,measurement,codex-photo-review,Printed point 3 cable joint is beside VT2/R65 and about 400 original pixels from the distinct VD3 body; former VD3.2/SOUND_CLAMP common-landing claim rejected; factory table still carries A:3 to bracket X6.1.
x6-solder-AX603-1,ref/photos/juku-pcb-2/PXL_20260710_200522685.jpg,1199.441,879.298,AX603,1,X6_A3_BOUNDARY,cross-side-registration,measurement,codex-photo-review,D102-local cross-side projection records the crowded opposite-side region; the component-side lap joint has no dedicated through hole and its electrical net remains unresolved.
x6-component-AX604-1,ref/photos/juku-pcb-2/PXL_20260710_200418174.jpg,3154.000,1788.000,AX604,1,GND,registration+unique-joint,accepted,codex-photo-review,Factory wire-table conductor 2 and the separately insulated owner-photo lead identify point 4 on the wide ground strip to bracket X6.2's marked return terminal.
x6-solder-AX604-1,ref/photos/juku-pcb-2/PXL_20260710_200522685.jpg,1082.594,903.880,AX604,1,GND,cross-side-registration,measurement,codex-photo-review,D102-local cross-side projection records the crowded opposite-side region; the return is visibly lap-soldered to the component-side strip and no dedicated through hole is claimed.
seed-solder-D2-14,ref/photos/juku-pcb-2/PXL_20260710_200527310.jpg,1628.000,1614.000,D2,14,GND,local-package-fit,measurement,codex-photo-review,Third reflected left-column D2 joint; exact .009 source grounds V2; owner rail continuity unmeasured
seed-solder-D2-14-overlap,ref/photos/juku-pcb-2/PXL_20260710_200525009.jpg,3450.000,1575.000,D2,14,GND,local-package-fit,measurement,codex-photo-review,Same third reflected left-column joint in overlapping tile; visible B.Cu line from C99-left solder candidate; owner rail continuity unmeasured
