{
  "schema_version": 1,
  "coordinate_system": "panorama pixels",
  "groups": {
    "component_grid": {
      "panorama": "docs/photo-registration/component_grid-panorama.jpg",
      "width": 1772,
      "height": 1601,
      "all_tiles_connected": true,
      "images": {
        "ref/photos/juku-pcb-2/PXL_20260710_200354648.jpg": {
          "original_to_panorama_homography": [
            0.24543040026,
            0.011912436513,
            43.45059555388,
            -0.001462304822,
            0.239571293196,
            73.037530048315,
            9.461673e-06,
            8.808465e-06,
            0.967057274751
          ]
        },
        "ref/photos/juku-pcb-2/PXL_20260710_200358952.jpg": {
          "original_to_panorama_homography": [
            0.239417594354,
            0.010715879905,
            455.931843998784,
            -0.000357735013,
            0.238504055129,
            25.58740924489,
            1.909889e-06,
            1.0415673e-05,
            0.981391427887
          ]
        },
        "ref/photos/juku-pcb-2/PXL_20260710_200402344.jpg": {
          "original_to_panorama_homography": [
            0.227681543188,
            0.012645394092,
            793.32701708835,
            -0.001565258641,
            0.231628670839,
            6.695720442101,
            -2.645481e-06,
            1.1273633e-05,
            0.983286550225
          ]
        },
        "ref/photos/juku-pcb-2/PXL_20260710_200411500.jpg": {
          "original_to_panorama_homography": [
            0.229120926589,
            -0.002941766385,
            51.288400199278,
            0.001507709233,
            0.222902868712,
            397.549836929166,
            3.734019e-06,
            -2.541898e-06,
            0.989812435903
          ]
        },
        "ref/photos/juku-pcb-2/PXL_20260710_200415237.jpg": {
          "original_to_panorama_homography": [
            0.230314742438,
            0.003003868863,
            439.40346537433,
            -0.000881902152,
            0.228763467943,
            375.496490593098,
            9.82568e-07,
            1.924914e-06,
            0.996412902413
          ]
        },
        "ref/photos/juku-pcb-2/PXL_20260710_200418174.jpg": {
          "original_to_panorama_homography": [
            0.225161814416,
            0.002644038948,
            831.612558891161,
            0.000300544001,
            0.225200884945,
            359.005675295169,
            -1.476335e-06,
            1.617807e-06,
            0.997960866037
          ]
        },
        "ref/photos/juku-pcb-2/PXL_20260710_200439607.jpg": {
          "original_to_panorama_homography": [
            0.217764916871,
            -0.001700387228,
            46.014889956064,
            0.001022547065,
            0.21312825125,
            848.334788349903,
            2.369798e-06,
            -2.156492e-06,
            0.995397746533
          ]
        },
        "ref/photos/juku-pcb-2/PXL_20260710_200443117.jpg": {
          "original_to_panorama_homography": [
            0.22,
            0.0,
            431.0,
            0.0,
            0.22,
            809.0,
            0.0,
            0.0,
            1.0
          ]
        },
        "ref/photos/juku-pcb-2/PXL_20260710_200445914.jpg": {
          "original_to_panorama_homography": [
            0.211248093333,
            0.003648016884,
            850.27618745462,
            -0.005066113782,
            0.216333348627,
            785.015037852826,
            -4.019905e-06,
            4.65214e-07,
            1.0
          ]
        },
        "ref/photos/juku-pcb-2/PXL_20260710_200450127.jpg": {
          "original_to_panorama_homography": [
            0.214316351673,
            0.000878061056,
            0.948129342549,
            -0.002468075007,
            0.218557894855,
            934.783270558731,
            3.61352e-07,
            3.140401e-06,
            0.994038018737
          ]
        },
        "ref/photos/juku-pcb-2/PXL_20260710_200452717.MP.jpg": {
          "original_to_panorama_homography": [
            0.211356447845,
            0.005233230127,
            421.198882325232,
            -0.006628698109,
            0.219702733587,
            938.567445349093,
            -3.004552e-06,
            3.043619e-06,
            1.0
          ]
        },
        "ref/photos/juku-pcb-2/PXL_20260710_200455512.jpg": {
          "original_to_panorama_homography": [
            0.205479558233,
            0.008278304025,
            840.999971243379,
            -0.008806033203,
            0.217425588714,
            944.34808334515,
            -5.707868e-06,
            3.139e-06,
            1.000569577534
          ]
        }
      }
    },
    "solder_grid": {
      "panorama": "docs/photo-registration/solder_grid-panorama.jpg",
      "width": 1765,
      "height": 1566,
      "all_tiles_connected": true,
      "images": {
        "ref/photos/juku-pcb-2/PXL_20260710_200506061.jpg": {
          "original_to_panorama_homography": [
            0.257493665245,
            -0.006997985198,
            72.222124824817,
            0.001663295744,
            0.24700597622,
            20.356432786096,
            3.730008e-06,
            -9.436699e-06,
            1.007081997505
          ]
        },
        "ref/photos/juku-pcb-2/PXL_20260710_200509593.jpg": {
          "original_to_panorama_homography": [
            0.247190056369,
            -0.01018254793,
            553.794229538974,
            0.003434318025,
            0.240388075825,
            0.507545255904,
            2.1038e-08,
            -8.198574e-06,
            1.014925542608
          ]
        },
        "ref/photos/juku-pcb-2/PXL_20260710_200514102.jpg": {
          "original_to_panorama_homography": [
            0.230825246481,
            -0.009437550786,
            800.810627988729,
            0.001698204107,
            0.2298963295,
            27.392808607316,
            -4.277279e-06,
            -7.696935e-06,
            1.014147230655
          ]
        },
        "ref/photos/juku-pcb-2/PXL_20260710_200522685.jpg": {
          "original_to_panorama_homography": [
            0.221715204868,
            -0.0033837349,
            10.764800836029,
            0.00160524238,
            0.218091808991,
            410.116951328229,
            2.884998e-06,
            -1.78021e-06,
            0.994264147539
          ]
        },
        "ref/photos/juku-pcb-2/PXL_20260710_200525009.jpg": {
          "original_to_panorama_homography": [
            0.22,
            0.0,
            466.0,
            0.0,
            0.22,
            437.0,
            0.0,
            0.0,
            1.0
          ]
        },
        "ref/photos/juku-pcb-2/PXL_20260710_200527310.jpg": {
          "original_to_panorama_homography": [
            0.210553982597,
            -0.001452173976,
            875.123510035708,
            0.000314411115,
            0.211865523577,
            435.482643159381,
            -2.810387e-06,
            -2.632405e-06,
            1.0
          ]
        },
        "ref/photos/juku-pcb-2/PXL_20260710_200530933.MP.jpg": {
          "original_to_panorama_homography": [
            0.204553386425,
            -0.003586069508,
            32.814685049748,
            0.003494209084,
            0.206886313415,
            919.862892247502,
            3.146952e-06,
            1.251719e-06,
            0.990494816911
          ]
        },
        "ref/photos/juku-pcb-2/PXL_20260710_200534267.jpg": {
          "original_to_panorama_homography": [
            0.203984124797,
            0.004528606087,
            563.013475873293,
            0.00387255178,
            0.207892120168,
            895.726132138961,
            3.242168e-06,
            3.131916e-06,
            1.0
          ]
        },